date,IC_sel,IC_close,IC_ret,IC_roll,IM_sel,IM_close,IM_ret,IM_roll
2022-01-04,IC2201,7371.0,-0.0001085216636371,0.0,,,,
2022-01-05,IC2201,7221.8,-0.0202414869081535,0.0,,,,
2022-01-06,IC2201,7225.2,0.0004707967542716,0.0,,,,
2022-01-07,IC2201,7192.0,-0.0045950285113214,0.0,,,,
2022-01-10,IC2201,7191.0,-0.000139043381535,0.0,,,,
2022-01-11,IC2201,7157.8,-0.0046168822138784,0.0,,,,
2022-01-12,IC2201,7200.0,0.0058956662661711,0.0,,,,
2022-01-13,IC2201,7118.8,-0.0112777777777777,0.0,,,,
2022-01-14,IC2201,7088.4,-0.0042703826487611,0.0,,,,
2022-01-17,IC2202,7149.2,0.0093392020766323,0.0,,,,
2022-01-18,IC2202,7165.2,0.0022380126447714,1.0,,,,
2022-01-19,IC2202,7133.6,-0.004410204879138,0.0,,,,
2022-01-20,IC2202,7085.8,-0.0067006840865762,0.0,,,,
2022-01-21,IC2202,7009.2,-0.0108103531005674,0.0,,,,
2022-01-24,IC2202,7004.2,-0.0007133481709752,0.0,,,,
2022-01-25,IC2202,6762.2,-0.034550698152537,0.0,,,,
2022-01-26,IC2202,6786.2,0.0035491408121617,0.0,,,,
2022-01-27,IC2202,6622.0,-0.0241961628009784,0.0,,,,
2022-01-28,IC2202,6561.0,-0.0092117185140441,0.0,,,,
2022-02-07,IC2202,6661.6,0.0153330285017527,0.0,,,,
2022-02-08,IC2202,6742.4,0.0121292182058363,0.0,,,,
2022-02-09,IC2202,6841.8,0.0147425249169435,0.0,,,,
2022-02-10,IC2202,6836.4,-0.0007892659826361,0.0,,,,
2022-02-11,IC2202,6753.8,-0.0120823825405183,0.0,,,,
2022-02-14,IC2203,6698.0,-0.0080843377061803,0.0,,,,
2022-02-15,IC2203,6756.6,0.0087488802627651,1.0,,,,
2022-02-16,IC2203,6768.0,0.0016872391439481,0.0,,,,
2022-02-17,IC2203,6764.0,-0.0005910165484633,0.0,,,,
2022-02-18,IC2203,6829.4,0.0096688350088705,0.0,,,,
2022-02-21,IC2203,6843.2,0.0020206753155476,0.0,,,,
2022-02-22,IC2203,6785.6,-0.0084171148000934,0.0,,,,
2022-02-23,IC2203,6885.2,0.0146781419476538,0.0,,,,
2022-02-24,IC2203,6773.6,-0.0162086794864345,0.0,,,,
2022-02-25,IC2203,6818.2,0.0065843864414785,0.0,,,,
2022-02-28,IC2203,6848.0,0.0043706550115867,0.0,,,,
2022-03-01,IC2203,6858.6,0.0015478971962616,0.0,,,,
2022-03-02,IC2203,6867.4,0.0012830606829381,0.0,,,,
2022-03-03,IC2203,6853.4,-0.0020386172350526,0.0,,,,
2022-03-04,IC2203,6817.0,-0.0053112323810079,0.0,,,,
2022-03-07,IC2203,6660.6,-0.0229426433915211,0.0,,,,
2022-03-08,IC2203,6395.8,-0.039756178122091,0.0,,,,
2022-03-09,IC2203,6280.8,-0.0179805497357641,0.0,,,,
2022-03-10,IC2203,6376.2,0.0151891478792509,0.0,,,,
2022-03-11,IC2203,6481.2,0.016467488472758,0.0,,,,
2022-03-14,IC2204,6295.8,-0.0260137011664505,0.0,,,,
2022-03-15,IC2204,5852.2,-0.0704596715270498,1.0,,,,
2022-03-16,IC2204,6144.0,0.0498615905129695,0.0,,,,
2022-03-17,IC2204,6225.2,0.0132161458333333,0.0,,,,
2022-03-18,IC2204,6293.0,0.0108912163464627,0.0,,,,
2022-03-21,IC2204,6304.6,0.0018433179723502,0.0,,,,
2022-03-22,IC2204,6308.0,0.0005392887732766,0.0,,,,
2022-03-23,IC2204,6352.8,0.0071020925808498,0.0,,,,
2022-03-24,IC2204,6299.8,-0.008342777987659,0.0,,,,
2022-03-25,IC2204,6211.0,-0.0140956855773199,0.0,,,,
2022-03-28,IC2204,6258.8,0.0076960231846723,0.0,,,,
2022-03-29,IC2204,6216.0,-0.0068383715728255,0.0,,,,
2022-03-30,IC2204,6375.0,0.0255791505791505,0.0,,,,
2022-03-31,IC2204,6318.6,-0.0088470588235293,0.0,,,,
2022-04-01,IC2204,6368.4,0.0078814927357324,0.0,,,,
2022-04-06,IC2204,6349.0,-0.0030462910621191,0.0,,,,
2022-04-07,IC2204,6195.4,-0.0241927862655536,0.0,,,,
2022-04-08,IC2204,6210.0,0.0023565871453015,0.0,,,,
2022-04-11,IC2205,5954.4,-0.0326892109500804,0.0,,,,
2022-04-12,IC2205,6098.0,0.0241166196426172,1.0,,,,
2022-04-13,IC2205,6002.2,-0.015710068875041,0.0,,,,
2022-04-14,IC2205,6087.4,0.0141947952417447,0.0,,,,
2022-04-15,IC2205,6018.0,-0.0114005979564345,0.0,,,,
2022-04-18,IC2205,6051.0,0.005483549351944,0.0,,,,
2022-04-19,IC2205,6066.6,0.0025780862667328,0.0,,,,
2022-04-20,IC2205,5904.2,-0.0267695249398346,0.0,,,,
2022-04-21,IC2205,5719.4,-0.0312997527184039,0.0,,,,
2022-04-22,IC2205,5686.6,-0.0057348672937719,0.0,,,,
2022-04-25,IC2205,5316.8,-0.0650300706925052,0.0,,,,
2022-04-26,IC2205,5170.8,-0.0274601263918146,0.0,,,,
2022-04-27,IC2205,5414.4,0.0471106985379436,0.0,,,,
2022-04-28,IC2205,5393.0,-0.0039524231678486,0.0,,,,
2022-04-29,IC2205,5619.0,0.0419061746708695,0.0,,,,
2022-05-05,IC2205,5652.2,0.0059085246485139,0.0,,,,
2022-05-06,IC2205,5504.2,-0.0261844945331021,0.0,,,,
2022-05-09,IC2205,5547.0,0.0077758802369101,0.0,,,,
2022-05-10,IC2205,5672.2,0.022570758968812,0.0,,,,
2022-05-11,IC2205,5702.4,0.0053242128274744,0.0,,,,
2022-05-12,IC2205,5718.2,0.0027707631874298,0.0,,,,
2022-05-13,IC2205,5782.4,0.011227309293134,0.0,,,,
2022-05-16,IC2206,5701.0,-0.0056032097399003,0.0,,,,
2022-05-17,IC2206,5746.0,0.0078933520435011,1.0,,,,
2022-05-18,IC2206,5722.0,-0.0041768186564566,0.0,,,,
2022-05-19,IC2206,5781.2,0.0103460328556448,0.0,,,,
2022-05-20,IC2206,5891.2,0.0190271915865218,0.0,,,,
2022-05-23,IC2206,5888.0,-0.0005431830526887,0.0,,,,
2022-05-24,IC2206,5678.2,-0.0356317934782609,0.0,,,,
2022-05-25,IC2206,5768.6,0.015920538198725,0.0,,,,
2022-05-26,IC2206,5852.8,0.0145962625247026,0.0,,,,
2022-05-27,IC2206,5845.0,-0.001332695462001,0.0,,,,
2022-05-30,IC2206,5872.4,0.0046877673224978,0.0,,,,
2022-05-31,IC2206,5975.0,0.0174715618827057,0.0,,,,
2022-06-01,IC2206,5970.0,-0.000836820083682,0.0,,,,
2022-06-02,IC2206,6050.2,0.013433835845896,0.0,,,,
2022-06-06,IC2206,6157.8,0.0177845360483952,0.0,,,,
2022-06-07,IC2206,6148.0,-0.0015914774757218,0.0,,,,
2022-06-08,IC2206,6190.0,0.0068314899154195,0.0,,,,
2022-06-09,IC2206,6119.8,-0.011340872374798,0.0,,,,
2022-06-10,IC2206,6250.4,0.0213405666851858,0.0,,,,
2022-06-13,IC2207,6166.6,-0.0052156661973632,0.0,,,,
2022-06-14,IC2207,6243.2,0.0124217559108745,1.0,,,,
2022-06-15,IC2207,6206.8,-0.0058303434136339,0.0,,,,
2022-06-16,IC2207,6211.6,0.0007733453631502,0.0,,,,
2022-06-17,IC2207,6282.4,0.0113980294932061,0.0,,,,
2022-06-20,IC2207,6265.0,-0.0027696421749648,0.0,,,,
2022-06-21,IC2207,6224.2,-0.006512370311253,0.0,,,,
2022-06-22,IC2207,6115.2,-0.0175122907361588,0.0,,,,
2022-06-23,IC2207,6273.2,0.0258372579801151,0.0,,,,
2022-06-24,IC2207,6348.6,0.0120193840464197,0.0,,,,
2022-06-27,IC2207,6363.6,0.0023627256402987,0.0,,,,
2022-06-28,IC2207,6477.0,0.0178201018291532,0.0,,,,
2022-06-29,IC2207,6382.2,-0.0146364057433997,0.0,,,,
2022-06-30,IC2207,6425.8,0.0068315001096801,0.0,,,,
2022-07-01,IC2207,6413.2,-0.0019608453422143,0.0,,,,
2022-07-04,IC2207,6491.8,0.0122559720576311,0.0,,,,
2022-07-05,IC2207,6476.4,-0.0023722234203149,0.0,,,,
2022-07-06,IC2207,6401.6,-0.0115496263356184,0.0,,,,
2022-07-07,IC2207,6421.6,0.0031242189452636,0.0,,,,
2022-07-08,IC2207,6383.2,-0.0059798181138658,0.0,,,,
2022-07-11,IC2208,6263.2,-0.0124389021180598,0.0,,,,
2022-07-12,IC2208,6183.0,-0.0128049559330692,1.0,,,,
2022-07-13,IC2208,6198.4,0.002490700307294,0.0,,,,
2022-07-14,IC2208,6266.4,0.01097057305111,0.0,,,,
2022-07-15,IC2208,6142.4,-0.0197880760883442,0.0,,,,
2022-07-18,IC2208,6270.0,0.0207736389684813,0.0,,,,
2022-07-19,IC2208,6287.4,0.0027751196172247,0.0,,,,
2022-07-20,IC2208,6373.0,0.0136145306485988,0.0,,,,
2022-07-21,IC2208,6310.2,-0.0098540718656834,0.0,,,,
2022-07-22,IC2208,6244.8,-0.0103641722924787,0.0,IM2208,6956.6,,0.0
2022-07-25,IC2208,6173.6,-0.0114014860363822,0.0,IM2208,6878.6,-0.0112123738607941,1.0
2022-07-26,IC2208,6273.4,0.0161656083970453,0.0,IM2208,6991.0,0.0163405344110718,0.0
2022-07-27,IC2208,6298.0,0.0039213185832245,0.0,IM2208,7066.2,0.0107566871692175,0.0
2022-07-28,IC2208,6305.6,0.001206732295967,0.0,IM2208,7119.0,0.0074721915598199,0.0
2022-07-29,IC2208,6255.2,-0.0079928952042629,0.0,IM2208,7087.0,-0.0044950133445709,0.0
2022-08-01,IC2208,6311.4,0.0089845248753037,0.0,IM2208,7136.6,0.0069987300691407,0.0
2022-08-02,IC2208,6167.4,-0.0228158570206293,0.0,IM2208,6948.2,-0.0263991256340555,0.0
2022-08-03,IC2208,6102.6,-0.0105068586438368,0.0,IM2208,6882.8,-0.0094125097147461,0.0
2022-08-04,IC2208,6124.4,0.00357224789434,0.0,IM2208,6890.8,0.0011623176614168,0.0
2022-08-05,IC2208,6258.0,0.0218143818169944,0.0,IM2208,7080.0,0.0274568990538108,0.0
2022-08-08,IC2208,6291.4,0.0053371684244167,0.0,IM2208,7132.2,0.0073728813559321,0.0
2022-08-09,IC2208,6309.4,0.0028610484152971,0.0,IM2208,7160.6,0.0039819410560557,0.0
2022-08-10,IC2208,6291.0,-0.0029162836402827,0.0,IM2208,7168.4,0.0010892941932238,0.0
2022-08-11,IC2208,6426.2,0.0214910189159116,0.0,IM2208,7284.8,0.0162379331510518,0.0
2022-08-12,IC2208,6418.4,-0.0012137810836886,0.0,IM2208,7222.4,-0.0085657808038656,0.0
2022-08-15,IC2209,6398.4,0.0016515019319456,0.0,IM2209,7215.8,0.0060367744793974,0.0
2022-08-16,IC2209,6424.0,0.0040010002500625,1.0,IM2209,7263.0,0.0065412012528063,1.0
2022-08-17,IC2209,6463.6,0.0061643835616438,0.0,IM2209,7278.2,0.0020927991188213,0.0
2022-08-18,IC2209,6439.0,-0.0038059285846897,0.0,IM2209,7316.6,0.0052760297875849,0.0
2022-08-19,IC2209,6350.2,-0.013790961329399,0.0,IM2209,7186.4,-0.0177951507530821,0.0
2022-08-22,IC2209,6428.6,0.012346067840383,0.0,IM2209,7232.4,0.0064009796281865,0.0
2022-08-23,IC2209,6432.0,0.0005288865382819,0.0,IM2209,7253.6,0.002931253802334,0.0
2022-08-24,IC2209,6247.4,-0.028700248756219,0.0,IM2209,6969.8,-0.0391253998014778,0.0
2022-08-25,IC2209,6278.4,0.0049620642187149,0.0,IM2209,6940.4,-0.0042181985135872,0.0
2022-08-26,IC2209,6269.0,-0.0014971967380223,0.0,IM2209,6911.6,-0.0041496167367873,0.0
2022-08-29,IC2209,6272.0,0.0004785452225235,0.0,IM2209,6950.0,0.0055558770762196,0.0
2022-08-30,IC2209,6267.0,-0.000797193877551,0.0,IM2209,6941.0,-0.0012949640287769,0.0
2022-08-31,IC2209,6139.4,-0.0203606191160045,0.0,IM2209,6710.2,-0.0332516928396484,0.0
2022-09-01,IC2209,6115.0,-0.0039743297390624,0.0,IM2209,6682.6,-0.0041131411880419,0.0
2022-09-02,IC2209,6130.2,0.0024856909239574,0.0,IM2209,6730.2,0.0071229760871516,0.0
2022-09-05,IC2209,6158.4,0.0046001761769598,0.0,IM2209,6747.2,0.0025259279070457,0.0
2022-09-06,IC2209,6272.6,0.0185437776045727,0.0,IM2209,6879.8,0.0196525966326772,0.0
2022-09-07,IC2209,6293.0,0.0032522399005197,0.0,IM2209,6920.2,0.0058722637285966,0.0
2022-09-08,IC2209,6269.6,-0.0037184172890513,0.0,IM2209,6874.4,-0.0066183058293113,0.0
2022-09-09,IC2209,6314.6,0.0071774913870104,0.0,IM2209,6913.0,0.0056150354940067,0.0
2022-09-13,IC2210,6262.0,-0.0034839894846863,0.0,IM2210,6836.4,-0.0031245479531318,0.0
2022-09-14,IC2210,6223.0,-0.0062280421590545,1.0,IM2210,6767.0,-0.0101515417471182,1.0
2022-09-15,IC2210,6068.0,-0.0249076008356098,0.0,IM2210,6518.6,-0.03670755135215,0.0
2022-09-16,IC2210,5918.0,-0.0247198417930125,0.0,IM2210,6383.2,-0.0207713312674501,0.0
2022-09-19,IC2210,5876.8,-0.0069618114227779,0.0,IM2210,6298.2,-0.0133162050382253,0.0
2022-09-20,IC2210,5918.6,0.0071127144023959,0.0,IM2210,6388.8,0.0143850623987806,0.0
2022-09-21,IC2210,5949.2,0.0051701415875375,0.0,IM2210,6412.6,0.0037252692211369,0.0
2022-09-22,IC2210,5938.6,-0.0017817521683586,0.0,IM2210,6435.8,0.0036178773040576,0.0
2022-09-23,IC2210,5873.4,-0.0109790186239182,0.0,IM2210,6323.4,-0.0174648062400946,0.0
2022-09-26,IC2210,5804.4,-0.0117478802737767,0.0,IM2210,6255.0,-0.0108169655565043,0.0
2022-09-27,IC2210,5912.6,0.0186410309420441,0.0,IM2210,6398.8,0.0229896083133493,0.0
2022-09-28,IC2210,5772.0,-0.0237797246558197,0.0,IM2210,6202.6,-0.0306619991248359,0.0
2022-09-29,IC2210,5790.8,0.0032571032571033,0.0,IM2210,6232.4,0.0048044368490631,0.0
2022-09-30,IC2210,5710.2,-0.0139186295503213,0.0,IM2210,6103.0,-0.0207624671073742,0.0
2022-10-10,IC2210,5639.8,-0.0123288151027984,0.0,IM2210,5976.0,-0.0208094379813206,0.0
2022-10-11,IC2210,5682.8,0.0076243838433986,0.0,IM2210,5994.2,0.0030455153949129,0.0
2022-10-12,IC2210,5812.8,0.0228760470190751,0.0,IM2210,6169.2,0.0291948883921124,0.0
2022-10-13,IC2210,5830.2,0.0029933938893476,0.0,IM2210,6242.4,0.0118653958373857,0.0
2022-10-14,IC2210,5983.8,0.0263455799114953,0.0,IM2210,6418.0,0.0281302063308983,0.0
2022-10-17,IC2211,5984.6,0.0031083926601824,0.0,IM2211,6400.0,0.0046743533811155,0.0
2022-10-18,IC2211,6018.2,0.0056144103198207,1.0,IM2211,6447.4,0.0074062499999998,1.0
2022-10-19,IC2211,5963.2,-0.0091389451995613,0.0,IM2211,6409.4,-0.00589384868319,0.0
2022-10-20,IC2211,5938.0,-0.0042259189696807,0.0,IM2211,6366.0,-0.0067713046463007,0.0
2022-10-21,IC2211,5943.8,0.000976759851802,0.0,IM2211,6377.4,0.0017907634307257,0.0
2022-10-24,IC2211,5897.2,-0.0078401022914634,0.0,IM2211,6360.0,-0.0027283846081475,0.0
2022-10-25,IC2211,5863.6,-0.005697619209116,0.0,IM2211,6340.8,-0.0030188679245283,0.0
2022-10-26,IC2211,5975.8,0.0191350023876115,0.0,IM2211,6500.6,0.0252018672722684,0.0
2022-10-27,IC2211,5971.2,-0.0007697714113592,0.0,IM2211,6473.0,-0.004245761929668,0.0
2022-10-28,IC2211,5771.0,-0.0335275991425508,0.0,IM2211,6224.2,-0.0384365827282559,0.0
2022-10-31,IC2211,5805.0,0.0058915265985097,0.0,IM2211,6286.6,0.0100253847884066,0.0
2022-11-01,IC2211,5965.4,0.0276313522825151,0.0,IM2211,6471.0,0.0293322304584353,0.0
2022-11-02,IC2211,6001.4,0.0060348006839441,0.0,IM2211,6532.0,0.0094266728480914,0.0
2022-11-03,IC2211,6003.0,0.0002666044589596,0.0,IM2211,6563.4,0.0048071034905081,0.0
2022-11-04,IC2211,6156.2,0.0255205730468099,0.0,IM2211,6746.6,0.0279123624950483,0.0
2022-11-07,IC2211,6136.4,-0.0032162697768104,0.0,IM2211,6711.8,-0.005158153736697,0.0
2022-11-08,IC2211,6144.8,0.0013688807770029,0.0,IM2211,6707.6,-0.0006257635805595,0.0
2022-11-09,IC2211,6123.2,-0.003515167295925,0.0,IM2211,6674.8,-0.0048899755501222,0.0
2022-11-10,IC2211,6106.0,-0.0028089887640448,0.0,IM2211,6616.0,-0.0088092527116917,0.0
2022-11-11,IC2211,6139.6,0.0055027841467409,0.0,IM2211,6645.0,0.0043833131801693,0.0
2022-11-14,IC2212,6131.4,-0.0021499771972116,0.0,IM2212,6578.0,-0.0079458239277652,0.0
2022-11-15,IC2212,6232.4,0.0164725837492252,1.0,IM2212,6742.8,0.0250532076619034,1.0
2022-11-16,IC2212,6212.4,-0.0032090366471985,0.0,IM2212,6684.2,-0.0086907516165392,0.0
2022-11-17,IC2212,6226.8,0.00231794475565,0.0,IM2212,6707.0,0.0034110289937465,0.0
2022-11-18,IC2212,6215.6,-0.0017986766878653,0.0,IM2212,6646.4,-0.0090353362158939,0.0
2022-11-21,IC2212,6204.2,-0.001834094858099,0.0,IM2212,6685.0,0.0058076552720269,0.0
2022-11-22,IC2212,6136.6,-0.0108958447503303,0.0,IM2212,6557.2,-0.0191174270755423,0.0
2022-11-23,IC2212,6128.6,-0.0013036534889026,0.0,IM2212,6553.4,-0.0005795156469224,0.0
2022-11-24,IC2212,6133.4,0.0007832131318734,0.0,IM2212,6559.2,0.0008850367748038,0.0
2022-11-25,IC2212,6096.2,-0.0060651514657449,0.0,IM2212,6497.0,-0.0094828637638736,0.0
2022-11-28,IC2212,6074.8,-0.003510383517601,0.0,IM2212,6492.0,-0.000769585962752,0.0
2022-11-29,IC2212,6172.8,0.0161322183446368,0.0,IM2212,6597.0,0.016173752310536,0.0
2022-11-30,IC2212,6163.8,-0.0014580093312597,0.0,IM2212,6582.8,-0.0021524935576776,0.0
2022-12-01,IC2212,6190.0,0.0042506246146856,0.0,IM2212,6662.0,0.0120313544388406,0.0
2022-12-02,IC2212,6176.0,-0.0022617124394184,0.0,IM2212,6681.8,0.0029720804563193,0.0
2022-12-05,IC2212,6209.6,0.0054404145077719,0.0,IM2212,6703.0,0.0031727977491093,0.0
2022-12-06,IC2212,6214.6,0.0008052048441122,0.0,IM2212,6697.8,-0.0007757720423691,0.0
2022-12-07,IC2212,6201.2,-0.0021562127892383,0.0,IM2212,6695.2,-0.0003881871659351,0.0
2022-12-08,IC2212,6192.2,-0.001451332000258,0.0,IM2212,6663.8,-0.0046899271119607,0.0
2022-12-09,IC2212,6204.2,0.0019379219017474,0.0,IM2212,6684.8,0.0031513550826856,0.0
2022-12-12,IC2301,6174.4,-0.005576867283453,0.0,IM2301,6632.0,-0.004517711823839,0.0
2022-12-13,IC2301,6138.2,-0.0058629178543664,1.0,IM2301,6580.0,-0.0078407720144753,1.0
2022-12-14,IC2301,6106.8,-0.0051155061744484,0.0,IM2301,6539.0,-0.0062310030395136,0.0
2022-12-15,IC2301,6105.6,-0.0001965022597759,0.0,IM2301,6567.0,0.0042820003058572,0.0
2022-12-16,IC2301,6106.0,6.551362683437922e-05,0.0,IM2301,6531.8,-0.00536013400335,0.0
2022-12-19,IC2301,5971.8,-0.0219783819194234,0.0,IM2301,6417.0,-0.0175755534462169,0.0
2022-12-20,IC2301,5897.4,-0.0124585552094846,0.0,IM2301,6350.4,-0.0103786816269285,0.0
2022-12-21,IC2301,5865.8,-0.0053582934852646,0.0,IM2301,6302.2,-0.0075900730662634,0.0
2022-12-22,IC2301,5802.0,-0.0108766067714548,0.0,IM2301,6206.0,-0.0152645108057503,0.0
2022-12-23,IC2301,5791.8,-0.0017580144777662,0.0,IM2301,6165.2,-0.006574282951982,0.0
2022-12-26,IC2301,5860.6,0.0118788632204152,0.0,IM2301,6285.2,0.0194640887562447,0.0
2022-12-27,IC2301,5897.6,0.0063133467563047,0.0,IM2301,6336.2,0.0081143002609305,0.0
2022-12-28,IC2301,5882.4,-0.0025773195876289,0.0,IM2301,6293.4,-0.0067548372841766,0.0
2022-12-29,IC2301,5869.4,-0.0022099823201414,0.0,IM2301,6269.2,-0.0038452982489591,0.0
2022-12-30,IC2301,5870.8,0.0002385252325622,0.0,IM2301,6285.8,0.0026478657563964,0.0
2023-01-03,IC2301,5958.8,0.0149894392587039,0.0,IM2301,6420.0,0.0213497088676062,0.0
2023-01-04,IC2301,5957.0,-0.0003020742431362,0.0,IM2301,6414.4,-0.0008722741433022,0.0
2023-01-05,IC2301,6019.4,0.0104750713446364,0.0,IM2301,6490.4,0.0118483412322274,0.0
2023-01-06,IC2301,6024.2,0.000797421669934,0.0,IM2301,6505.2,0.0022802908911623,0.0
2023-01-09,IC2301,6033.6,0.0015603731615816,0.0,IM2301,6518.2,0.0019984012789768,0.0
2023-01-10,IC2301,6051.8,0.0030164412622646,0.0,IM2301,6532.2,0.0021478322236199,0.0
2023-01-11,IC2301,6025.2,-0.0043953864965795,0.0,IM2301,6494.4,-0.0057867181041609,0.0
2023-01-12,IC2301,6021.6,-0.000597490539733,0.0,IM2301,6492.0,-0.0003695491500369,0.0
2023-01-13,IC2301,6082.0,0.010030556662681,0.0,IM2301,6542.4,0.0077634011090572,0.0
2023-01-16,IC2302,6140.0,0.0082209799408088,0.0,IM2302,6593.4,0.0084067009048667,0.0
2023-01-17,IC2302,6151.6,0.0018892508143322,1.0,IM2302,6608.6,0.002305335638669,1.0
2023-01-18,IC2302,6175.4,0.0038689121529356,0.0,IM2302,6637.8,0.0044184850043882,0.0
2023-01-19,IC2302,6235.8,0.0097807429478253,0.0,IM2302,6717.0,0.0119316641055771,0.0
2023-01-20,IC2302,6276.2,0.0064787196510471,0.0,IM2302,6777.6,0.0090218847699865,0.0
2023-01-30,IC2302,6282.6,0.0010197253114943,0.0,IM2302,6792.8,0.0022426817752596,0.0
2023-01-31,IC2302,6302.0,0.0030878935472573,0.0,IM2302,6818.0,0.003709810387469,0.0
2023-02-01,IC2302,6361.0,0.009362107267534,0.0,IM2302,6922.6,0.0153417424464652,0.0
2023-02-02,IC2302,6369.0,0.0012576638893255,0.0,IM2302,6928.0,0.0007800537370352,0.0
2023-02-03,IC2302,6343.2,-0.0040508714083843,0.0,IM2302,6920.0,-0.0011547344110854,0.0
2023-02-06,IC2302,6312.2,-0.0048871232185647,0.0,IM2302,6893.6,-0.003815028901734,0.0
2023-02-07,IC2302,6320.0,0.001235702290802,0.0,IM2302,6912.8,0.0027851920622026,0.0
2023-02-08,IC2302,6266.0,-0.0085443037974684,0.0,IM2302,6865.8,-0.0067989815993518,0.0
2023-02-09,IC2302,6363.0,0.0154803702521544,0.0,IM2302,7020.8,0.0225756648897432,0.0
2023-02-10,IC2302,6337.4,-0.0040232594688041,0.0,IM2302,6977.6,-0.0061531449407474,0.0
2023-02-13,IC2303,6360.8,0.0053334174898223,0.0,IM2303,7022.4,0.008885576702591,0.0
2023-02-14,IC2303,6381.8,0.0033014715130172,1.0,IM2303,7037.8,0.0021929824561404,1.0
2023-02-15,IC2303,6366.0,-0.0024757905293177,0.0,IM2303,7030.4,-0.0010514649464321,0.0
2023-02-16,IC2303,6286.4,-0.0125039271127866,0.0,IM2303,6909.2,-0.0172394173873463,0.0
2023-02-17,IC2303,6236.6,-0.0079218630694831,0.0,IM2303,6849.8,-0.0085972326752734,0.0
2023-02-20,IC2303,6327.6,0.014591283712279,0.0,IM2303,6922.0,0.0105404537358755,0.0
2023-02-21,IC2303,6355.0,0.0043302357924015,0.0,IM2303,6935.2,0.0019069633054029,0.0
2023-02-22,IC2303,6363.0,0.0012588512981903,0.0,IM2303,6968.0,0.0047294959049486,0.0
2023-02-23,IC2303,6351.8,-0.0017601760176017,0.0,IM2303,6944.8,-0.0033295063145809,0.0
2023-02-24,IC2303,6339.4,-0.0019522025252685,0.0,IM2303,6928.6,-0.0023326805667549,0.0
2023-02-27,IC2303,6302.6,-0.005804965769631,0.0,IM2303,6879.2,-0.0071298675057011,0.0
2023-02-28,IC2303,6345.8,0.0068543140925967,0.0,IM2303,6937.4,0.0084602860797766,0.0
2023-03-01,IC2303,6387.0,0.0064924832172459,0.0,IM2303,6980.6,0.0062271167872691,0.0
2023-03-02,IC2303,6381.0,-0.000939408172851,0.0,IM2303,6961.6,-0.0027218290691344,0.0
2023-03-03,IC2303,6372.6,-0.0013164080865067,0.0,IM2303,6942.0,-0.0028154447253505,0.0
2023-03-06,IC2303,6364.0,-0.0013495276653171,0.0,IM2303,6956.4,0.0020743301642176,0.0
2023-03-07,IC2303,6276.6,-0.0137335009428032,0.0,IM2303,6846.8,-0.0157552757173249,0.0
2023-03-08,IC2303,6288.0,0.0018162699550712,0.0,IM2303,6871.0,0.003534497867617,0.0
2023-03-09,IC2303,6278.2,-0.001558524173028,0.0,IM2303,6878.6,0.0011060980934363,0.0
2023-03-10,IC2303,6203.0,-0.0119779554649421,0.0,IM2303,6798.4,-0.011659349286192,0.0
2023-03-13,IC2304,6230.0,0.0062550378848944,0.0,IM2304,6802.0,0.00503059543422,0.0
2023-03-14,IC2304,6184.0,-0.0073836276083466,1.0,IM2304,6745.8,-0.0082622758012349,1.0
2023-03-15,IC2304,6213.0,0.0046895213454074,0.0,IM2304,6775.4,0.0043879154436834,0.0
2023-03-16,IC2304,6134.0,-0.0127152744245936,0.0,IM2304,6679.0,-0.0142279422617114,0.0
2023-03-17,IC2304,6177.4,0.007075317900228,0.0,IM2304,6726.0,0.0070369815840694,0.0
2023-03-20,IC2304,6165.2,-0.0019749409136529,0.0,IM2304,6719.8,-0.0009217960154623,0.0
2023-03-21,IC2304,6226.2,0.0098942451177577,0.0,IM2304,6791.4,0.0106550790202089,0.0
2023-03-22,IC2304,6264.2,0.0061032411422696,0.0,IM2304,6825.6,0.0050357805459846,0.0
2023-03-23,IC2304,6298.8,0.0055234507199644,0.0,IM2304,6850.4,0.0036333802156585,0.0
2023-03-24,IC2304,6308.6,0.0015558519083,0.0,IM2304,6857.0,0.0009634473899335,0.0
2023-03-27,IC2304,6296.2,-0.0019655708081033,0.0,IM2304,6860.0,0.0004375091147732,0.0
2023-03-28,IC2304,6287.8,-0.001334138051523,0.0,IM2304,6827.4,-0.0047521865889212,0.0
2023-03-29,IC2304,6261.2,-0.004230414453386,0.0,IM2304,6806.0,-0.0031344289187684,0.0
2023-03-30,IC2304,6303.0,0.0066760365425158,0.0,IM2304,6821.6,0.0022920952101088,0.0
2023-03-31,IC2304,6347.0,0.006980802792321,0.0,IM2304,6873.8,0.0076521637152573,0.0
2023-04-03,IC2304,6406.0,0.0092957302662675,0.0,IM2304,6940.0,0.0096307719165527,0.0
2023-04-04,IC2304,6415.0,0.0014049328754293,0.0,IM2304,6950.2,0.0014697406340058,0.0
2023-04-06,IC2304,6411.4,-0.0005611847233047,0.0,IM2304,6959.4,0.0013237029150239,0.0
2023-04-07,IC2304,6457.0,0.0071123311601211,0.0,IM2304,7026.2,0.009598528608788,0.0
2023-04-10,IC2304,6420.4,-0.0056682669970574,0.0,IM2304,6971.0,-0.0078563092425493,0.0
2023-04-11,IC2304,6416.0,-0.000685315556663,0.0,IM2304,6972.4,0.0002008320183617,0.0
2023-04-12,IC2304,6436.2,0.0031483790523689,0.0,IM2304,7002.2,0.0042739946073089,0.0
2023-04-13,IC2304,6408.0,-0.0043814673254404,0.0,IM2304,6967.0,-0.0050269915169517,0.0
2023-04-14,IC2304,6423.8,0.002465667915106,0.0,IM2304,7004.2,0.0053394574422276,0.0
2023-04-17,IC2305,6437.6,0.0047635356019799,0.0,IM2305,6989.6,0.0007709659918335,0.0
2023-04-18,IC2305,6423.8,-0.0021436560208774,1.0,IM2305,6959.0,-0.004377932928923,1.0
2023-04-19,IC2305,6398.4,-0.0039540458918397,0.0,IM2305,6930.2,-0.004138525650237,0.0
2023-04-20,IC2305,6389.0,-0.0014691172793197,0.0,IM2305,6929.0,-0.0001731551758967,0.0
2023-04-21,IC2305,6240.6,-0.0232274221317889,0.0,IM2305,6770.2,-0.0229181700101025,0.0
2023-04-24,IC2305,6204.0,-0.0058648206903183,0.0,IM2305,6722.2,-0.0070898939470029,0.0
2023-04-25,IC2305,6108.6,-0.0153771760154738,0.0,IM2305,6612.0,-0.0163934426229508,0.0
2023-04-26,IC2305,6131.6,0.0037651835117702,0.0,IM2305,6629.0,0.0025710828796128,0.0
2023-04-27,IC2305,6171.4,0.0064909648378888,0.0,IM2305,6647.6,0.0028058530698447,0.0
2023-04-28,IC2305,6254.6,0.0134815438960367,0.0,IM2305,6738.4,0.0136590649256873,0.0
2023-05-04,IC2305,6256.6,0.0003197646532151,0.0,IM2305,6725.2,-0.0019589219992875,0.0
2023-05-05,IC2305,6196.4,-0.0096218393376595,0.0,IM2305,6650.0,-0.0111818235888895,0.0
2023-05-08,IC2305,6229.4,0.0053256729714028,0.0,IM2305,6687.8,0.0056842105263157,0.0
2023-05-09,IC2305,6175.6,-0.0086364657912478,0.0,IM2305,6613.6,-0.011094829390831,0.0
2023-05-10,IC2305,6167.2,-0.0013601917222618,0.0,IM2305,6624.4,0.0016329986694083,0.0
2023-05-11,IC2305,6147.4,-0.0032105331430795,0.0,IM2305,6615.6,-0.0013284221967271,0.0
2023-05-12,IC2305,6082.2,-0.0106061099001203,0.0,IM2305,6538.6,-0.0116391559344579,0.0
2023-05-15,IC2306,6136.0,0.0118378218407813,0.0,IM2306,6557.2,0.0059034043984949,0.0
2023-05-16,IC2306,6094.6,-0.0067470664928291,1.0,IM2306,6499.6,-0.0087842371744035,1.0
2023-05-17,IC2306,6092.6,-0.0003281593541824,0.0,IM2306,6521.0,0.0032925103083265,0.0
2023-05-18,IC2306,6101.4,0.0014443751436166,0.0,IM2306,6551.8,0.0047232019628891,0.0
2023-05-19,IC2306,6108.8,0.0012128363982037,0.0,IM2306,6590.6,0.0059220366922068,0.0
2023-05-22,IC2306,6093.8,-0.0024554740701938,0.0,IM2306,6578.2,-0.0018814675446849,0.0
2023-05-23,IC2306,6030.4,-0.0104040171978077,0.0,IM2306,6513.0,-0.0099115259493478,0.0
2023-05-24,IC2306,5992.8,-0.0062350756168744,0.0,IM2306,6497.0,-0.0024566252111162,0.0
2023-05-25,IC2306,5966.6,-0.0043719129622212,0.0,IM2306,6476.8,-0.0031091272895181,0.0
2023-05-26,IC2306,6022.6,0.0093855797271478,0.0,IM2306,6535.8,0.0091094367588933,0.0
2023-05-29,IC2306,6015.8,-0.0011290804635871,0.0,IM2306,6525.4,-0.0015912359619327,0.0
2023-05-30,IC2306,6047.6,0.0052860799893614,0.0,IM2306,6558.0,0.0049958623226162,0.0
2023-05-31,IC2306,6033.6,-0.0023149679211588,0.0,IM2306,6547.0,-0.001677340652638,0.0
2023-06-01,IC2306,6047.0,0.0022208963139749,0.0,IM2306,6567.6,0.0031464793034978,0.0
2023-06-02,IC2306,6096.4,0.0081693401686786,0.0,IM2306,6612.4,0.006821365491199,0.0
2023-06-05,IC2306,6080.0,-0.0026901121973623,0.0,IM2306,6611.8,-9.073861230401992e-05,0.0
2023-06-06,IC2306,5962.0,-0.0194078947368421,0.0,IM2306,6467.8,-0.0217792431712997,0.0
2023-06-07,IC2306,5971.0,0.0015095605501509,0.0,IM2306,6470.8,0.0004638362348867,0.0
2023-06-08,IC2306,5959.2,-0.0019762183888796,0.0,IM2306,6438.4,-0.0050071088582556,0.0
2023-06-09,IC2306,6009.4,0.0084239495234259,0.0,IM2306,6484.0,0.007082504970179,0.0
2023-06-12,IC2307,5995.0,0.0010982793623324,0.0,IM2307,6494.2,0.0045033929673041,0.0
2023-06-13,IC2307,6021.4,0.0044036697247706,1.0,IM2307,6520.2,0.0040035724184657,1.0
2023-06-14,IC2307,6023.4,0.0003321486697445,0.0,IM2307,6542.0,0.0033434557222171,0.0
2023-06-15,IC2307,6077.2,0.0089318325198393,0.0,IM2307,6585.0,0.0065729134821155,0.0
2023-06-16,IC2307,6133.8,0.0093134996379913,0.0,IM2307,6632.6,0.0072285497342445,0.0
2023-06-19,IC2307,6109.8,-0.0039127457693436,0.0,IM2307,6647.8,0.0022917106413773,0.0
2023-06-20,IC2307,6106.2,-0.0005892173229893,0.0,IM2307,6652.2,0.0006618731008753,0.0
2023-06-21,IC2307,5979.2,-0.0207985326389571,0.0,IM2307,6525.2,-0.0190914283996271,0.0
2023-06-26,IC2307,5890.0,-0.0149183837302648,0.0,IM2307,6427.2,-0.0150186967449273,0.0
2023-06-27,IC2307,5923.0,0.0056027164685907,0.0,IM2307,6478.4,0.0079661438884739,0.0
2023-06-28,IC2307,5931.6,0.0014519669086612,0.0,IM2307,6463.0,-0.0023771301555939,0.0
2023-06-29,IC2307,5926.4,-0.000876660597478,0.0,IM2307,6491.8,0.004456134921863,0.0
2023-06-30,IC2307,5992.8,0.0112041036717063,0.0,IM2307,6575.0,0.0128161680889737,0.0
2023-07-03,IC2307,6020.4,0.0046055266319582,0.0,IM2307,6583.6,0.0013079847908745,0.0
2023-07-04,IC2307,6037.4,0.0028237326423492,0.0,IM2307,6613.4,0.004526398930676,0.0
2023-07-05,IC2307,6007.2,-0.0050021532447742,0.0,IM2307,6566.2,-0.0071370248283787,0.0
2023-07-06,IC2307,5966.6,-0.0067585563989878,0.0,IM2307,6535.6,-0.004660229660991,0.0
2023-07-07,IC2307,5951.0,-0.0026145543525626,0.0,IM2307,6513.0,-0.0034579839647469,0.0
2023-07-10,IC2307,5968.2,0.0028902705427658,0.0,IM2307,6520.4,0.0011361891601411,0.0
2023-07-11,IC2307,6019.6,0.008612311919842,0.0,IM2307,6571.0,0.0077602601067419,0.0
2023-07-12,IC2307,5958.8,-0.0101003388929497,0.0,IM2307,6483.8,-0.0132704306802616,0.0
2023-07-13,IC2307,6051.2,0.015506477814325,0.0,IM2307,6549.6,0.0101483697831519,0.0
2023-07-14,IC2307,6026.2,-0.0041314119513484,0.0,IM2307,6541.0,-0.0013130572859412,0.0
2023-07-17,IC2308,5997.8,-0.0032524642394874,0.0,IM2308,6497.8,-0.0040055037456045,0.0
2023-07-18,IC2308,5986.0,-0.0019673880422822,1.0,IM2308,6500.4,0.0004001354304532,1.0
2023-07-19,IC2308,5980.2,-0.0009689274974942,0.0,IM2308,6483.4,-0.0026152236785428,0.0
2023-07-20,IC2308,5918.6,-0.0103006588408413,0.0,IM2308,6408.2,-0.0115988524539593,0.0
2023-07-21,IC2308,5925.4,0.0011489203527859,0.0,IM2308,6407.0,-0.0001872600730313,0.0
2023-07-24,IC2308,5916.4,-0.0015188848010261,0.0,IM2308,6393.6,-0.0020914624629311,0.0
2023-07-25,IC2308,6019.6,0.0174430396862959,0.0,IM2308,6497.6,0.0162662662662662,0.0
2023-07-26,IC2308,6005.0,-0.0024254103262676,0.0,IM2308,6468.4,-0.0044939670032012,0.0
2023-07-27,IC2308,5964.0,-0.006827643630308,0.0,IM2308,6421.0,-0.0073279327190649,0.0
2023-07-28,IC2308,6052.2,0.014788732394366,0.0,IM2308,6473.6,0.0081918704251675,0.0
2023-07-31,IC2308,6094.4,0.0069726710948083,0.0,IM2308,6524.6,0.0078781512605041,0.0
2023-08-01,IC2308,6099.0,0.0007547912838015,0.0,IM2308,6509.0,-0.0023909511694204,0.0
2023-08-02,IC2308,6075.8,-0.0038039022790621,0.0,IM2308,6495.8,-0.0020279612843754,0.0
2023-08-03,IC2308,6093.2,0.0028638204022515,0.0,IM2308,6495.6,-3.07891252808723e-05,0.0
2023-08-04,IC2308,6126.6,0.0054815203833782,0.0,IM2308,6534.6,0.006004064289673,0.0
2023-08-07,IC2308,6104.4,-0.0036235432376849,0.0,IM2308,6515.6,-0.0029075995470265,0.0
2023-08-08,IC2308,6077.2,-0.0044558023720594,0.0,IM2308,6484.8,-0.00472711645896,0.0
2023-08-09,IC2308,6036.0,-0.0067794378990324,0.0,IM2308,6433.2,-0.0079570688378979,0.0
2023-08-10,IC2308,6030.4,-0.0009277667329358,0.0,IM2308,6424.6,-0.0013368152707827,0.0
2023-08-11,IC2308,5910.2,-0.0199323427964976,0.0,IM2308,6304.0,-0.0187715966752795,0.0
2023-08-14,IC2309,5917.8,0.0002707184190045,0.0,IM2309,6326.2,0.0030456852791878,0.0
2023-08-15,IC2309,5887.8,-0.0050694514853493,1.0,IM2309,6270.2,-0.0088520754955581,1.0
2023-08-16,IC2309,5843.4,-0.0075410170182411,0.0,IM2309,6200.0,-0.0111958151255142,0.0
2023-08-17,IC2309,5882.0,0.0066057432316801,0.0,IM2309,6257.6,0.0092903225806453,0.0
2023-08-18,IC2309,5787.0,-0.0161509690581435,0.0,IM2309,6127.4,-0.0208066990539504,0.0
2023-08-21,IC2309,5714.8,-0.012476239847935,0.0,IM2309,6053.8,-0.0120116199366777,0.0
2023-08-22,IC2309,5731.2,0.0028697417232448,0.0,IM2309,6084.0,0.0049886022002709,0.0
2023-08-23,IC2309,5637.6,-0.0163316582914572,0.0,IM2309,5974.8,-0.0179487179487178,0.0
2023-08-24,IC2309,5650.2,0.0022349936143037,0.0,IM2309,5977.6,0.0004686349333868,0.0
2023-08-25,IC2309,5587.8,-0.0110438568546245,0.0,IM2309,5881.8,-0.0160264989293361,0.0
2023-08-28,IC2309,5647.8,0.0107376785139052,0.0,IM2309,5907.6,0.0043864123227583,0.0
2023-08-29,IC2309,5771.2,0.0218492156237826,0.0,IM2309,6099.2,0.0324327984291419,0.0
2023-08-30,IC2309,5770.6,-0.0001039645134459,0.0,IM2309,6128.2,0.0047547219307451,0.0
2023-08-31,IC2309,5742.4,-0.0048868401899283,0.0,IM2309,6110.6,-0.0028719689305178,0.0
2023-09-01,IC2309,5751.0,0.0014976316522707,0.0,IM2309,6103.0,-0.0012437403855596,0.0
2023-09-04,IC2309,5833.8,0.0143974960876369,0.0,IM2309,6198.0,0.0155661150253973,0.0
2023-09-05,IC2309,5787.4,-0.007953649422332,0.0,IM2309,6162.2,-0.0057760567925136,0.0
2023-09-06,IC2309,5786.2,-0.0002073469951964,0.0,IM2309,6178.8,0.002693843107981,0.0
2023-09-07,IC2309,5701.6,-0.014620994780685,0.0,IM2309,6077.2,-0.0164433223279601,0.0
2023-09-08,IC2309,5697.0,-0.0008067910761891,0.0,IM2309,6075.4,-0.0002961890344237,0.0
2023-09-11,IC2310,5759.0,0.0110584518167455,0.0,IM2310,6155.4,0.0147480001316786,0.0
2023-09-12,IC2310,5771.4,0.0021531515888173,1.0,IM2310,6164.8,0.001527114403613,1.0
2023-09-13,IC2310,5712.0,-0.0102921301590601,0.0,IM2310,6082.0,-0.013431092655074,0.0
2023-09-14,IC2310,5706.8,-0.0009103641456582,0.0,IM2310,6058.8,-0.0038145346925353,0.0
2023-09-15,IC2310,5714.0,0.0012616527651223,0.0,IM2310,6067.4,0.0014194229880504,0.0
2023-09-18,IC2310,5731.6,0.0030801540077003,0.0,IM2310,6083.6,0.0026700069222402,0.0
2023-09-19,IC2310,5707.6,-0.0041873124432968,0.0,IM2310,6039.2,-0.0072983102110593,0.0
2023-09-20,IC2310,5668.6,-0.0068329946036863,0.0,IM2310,5987.2,-0.008610411975096,0.0
2023-09-21,IC2310,5622.8,-0.0080795963730021,0.0,IM2310,5941.8,-0.0075828433992516,0.0
2023-09-22,IC2310,5726.6,0.0184605534609092,0.0,IM2310,6065.0,0.0207344575717796,0.0
2023-09-25,IC2310,5687.2,-0.0068801732266965,0.0,IM2310,6031.4,-0.0055399835119538,0.0
2023-09-26,IC2310,5671.8,-0.0027078351385566,0.0,IM2310,6007.2,-0.004012335444507,0.0
2023-09-27,IC2310,5700.0,0.0049719665714587,0.0,IM2310,6050.2,0.0071580769742976,0.0
2023-09-28,IC2310,5695.0,-0.0008771929824561,0.0,IM2310,6075.0,0.004099038048329,0.0
2023-10-09,IC2310,5658.2,-0.0064618086040386,0.0,IM2310,6055.0,-0.0032921810699588,0.0
2023-10-10,IC2310,5635.4,-0.0040295500335796,0.0,IM2310,6033.8,-0.0035012386457472,0.0
2023-10-11,IC2310,5621.2,-0.0025197856407708,0.0,IM2310,6040.4,0.0010938380456759,0.0
2023-10-12,IC2310,5665.8,0.0079342489148224,0.0,IM2310,6093.0,0.0087080325806239,0.0
2023-10-13,IC2310,5643.8,-0.0038829468036287,0.0,IM2310,6084.2,-0.0014442803216806,0.0
2023-10-16,IC2311,5590.0,-0.0102058896488181,0.0,IM2311,6000.2,-0.011636698333388,0.0
2023-10-17,IC2311,5592.8,0.0005008944543829,1.0,IM2311,5994.4,-0.0009666344455184,1.0
2023-10-18,IC2311,5531.0,-0.0110499213274209,0.0,IM2311,5887.4,-0.0178499933271053,0.0
2023-10-19,IC2311,5472.0,-0.0106671487976858,0.0,IM2311,5830.4,-0.0096816931073139,0.0
2023-10-20,IC2311,5428.6,-0.0079312865497075,0.0,IM2311,5766.2,-0.0110112513721185,0.0
2023-10-23,IC2311,5267.0,-0.0297682643775559,0.0,IM2311,5602.0,-0.0284762928791925,0.0
2023-10-24,IC2311,5315.8,0.0092652363774445,0.0,IM2311,5675.2,0.0130667618707605,0.0
2023-10-25,IC2311,5347.8,0.0060197900598215,0.0,IM2311,5739.6,0.011347617705103,0.0
2023-10-26,IC2311,5379.4,0.005908971913684,0.0,IM2311,5780.8,0.0071782005714684,0.0
2023-10-27,IC2311,5487.0,0.0200022307320519,0.0,IM2311,5907.0,0.0218308884583449,0.0
2023-10-30,IC2311,5527.8,0.0074357572443959,0.0,IM2311,5975.0,0.0115117657017098,0.0
2023-10-31,IC2311,5515.4,-0.0022432070624842,0.0,IM2311,5945.0,-0.005020920502092,0.0
2023-11-01,IC2311,5507.2,-0.0014867462015447,0.0,IM2311,5936.2,-0.0014802354920101,0.0
2023-11-02,IC2311,5459.4,-0.0086795467751307,0.0,IM2311,5877.4,-0.009905326639938,0.0
2023-11-03,IC2311,5502.8,0.0079495915302048,0.0,IM2311,5958.0,0.0137135468064111,0.0
2023-11-06,IC2311,5596.0,0.0169368321581739,0.0,IM2311,6085.8,0.0214501510574018,0.0
2023-11-07,IC2311,5598.0,0.0003573981415296,0.0,IM2311,6098.0,0.0020046666009398,0.0
2023-11-08,IC2311,5593.0,-0.0008931761343337,0.0,IM2311,6110.6,0.0020662512299114,0.0
2023-11-09,IC2311,5582.8,-0.0018237082066868,0.0,IM2311,6072.2,-0.0062841619480903,0.0
2023-11-10,IC2311,5561.2,-0.0038690262950491,0.0,IM2311,6066.0,-0.0010210467375909,0.0
2023-11-13,IC2312,5579.6,0.0052866287851542,0.0,IM2312,6092.2,0.0095614902736564,0.0
2023-11-14,IC2312,5593.8,0.0025449853036059,1.0,IM2312,6123.2,0.0050884737861527,1.0
2023-11-15,IC2312,5630.8,0.0066144660159461,0.0,IM2312,6153.4,0.0049320616671022,0.0
2023-11-16,IC2312,5580.2,-0.0089862896924061,0.0,IM2312,6088.8,-0.0104982611239313,0.0
2023-11-17,IC2312,5591.6,0.0020429375291208,0.0,IM2312,6153.2,0.0105767967415582,0.0
2023-11-20,IC2312,5633.0,0.0074039630874882,0.0,IM2312,6213.8,0.0098485340960801,0.0
2023-11-21,IC2312,5617.2,-0.002804899698207,0.0,IM2312,6161.8,-0.0083684701792783,0.0
2023-11-22,IC2312,5550.8,-0.0118208360037028,0.0,IM2312,6093.0,-0.0111655685027102,0.0
2023-11-23,IC2312,5612.4,0.0110974994595371,0.0,IM2312,6176.6,0.0137206630559658,0.0
2023-11-24,IC2312,5550.8,-0.0109756966716555,0.0,IM2312,6081.0,-0.0154777709419422,0.0
2023-11-27,IC2312,5546.4,-0.0007926785328241,0.0,IM2312,6081.2,3.2889327413299085e-05,0.0
2023-11-28,IC2312,5561.8,0.0027765757969133,0.0,IM2312,6097.2,0.0026310596592777,0.0
2023-11-29,IC2312,5539.2,-0.0040634327016434,0.0,IM2312,6074.6,-0.0037066194318702,0.0
2023-11-30,IC2312,5518.2,-0.0037911611785095,0.0,IM2312,6036.0,-0.0063543278569783,0.0
2023-12-01,IC2312,5536.0,0.003225689536443,0.0,IM2312,6092.2,0.0093108018555334,0.0
2023-12-04,IC2312,5522.2,-0.002492774566474,0.0,IM2312,6058.6,-0.0055152490069267,0.0
2023-12-05,IC2312,5436.2,-0.0155735033138966,0.0,IM2312,5958.2,-0.0165714851615885,0.0
2023-12-06,IC2312,5467.4,0.0057393031897281,0.0,IM2312,5997.8,0.006646302574603,0.0
2023-12-07,IC2312,5477.0,0.0017558620185098,0.0,IM2312,6014.2,0.0027343359231717,0.0
2023-12-08,IC2312,5498.4,0.0039072484937008,0.0,IM2312,6000.8,-0.0022280602573907,0.0
2023-12-11,IC2401,5538.6,0.0108758911683399,0.0,IM2401,6035.8,0.0116317824290095,0.0
2023-12-12,IC2401,5549.4,0.0019499512512186,1.0,IM2401,6045.0,0.0015242387090359,1.0
2023-12-13,IC2401,5487.8,-0.0111002991314375,0.0,IM2401,5982.0,-0.0104218362282878,0.0
2023-12-14,IC2401,5470.0,-0.0032435584387185,0.0,IM2401,5956.0,-0.0043463724506853,0.0
2023-12-15,IC2401,5431.2,-0.0070932358318098,0.0,IM2401,5903.0,-0.0088985896574882,0.0
2023-12-18,IC2401,5383.8,-0.0087273530711444,0.0,IM2401,5831.6,-0.0120955446383194,0.0
2023-12-19,IC2401,5373.2,-0.001968869571678,0.0,IM2401,5838.0,0.0010974689622058,0.0
2023-12-20,IC2401,5320.2,-0.0098637683317204,0.0,IM2401,5745.0,-0.0159301130524152,0.0
2023-12-21,IC2401,5335.6,0.0028946280215029,0.0,IM2401,5770.2,0.0043864229765013,0.0
2023-12-22,IC2401,5322.4,-0.0024739485718571,0.0,IM2401,5722.8,-0.0082146199438494,0.0
2023-12-25,IC2401,5316.2,-0.0011648880204419,0.0,IM2401,5717.6,-0.0009086461172852,0.0
2023-12-26,IC2401,5270.4,-0.0086151762537151,0.0,IM2401,5636.6,-0.0141667832657058,0.0
2023-12-27,IC2401,5282.8,0.0023527625986643,0.0,IM2401,5673.0,0.006457793705425,0.0
2023-12-28,IC2401,5388.0,0.0199136821382599,0.0,IM2401,5803.4,0.0229860743874492,0.0
2023-12-29,IC2401,5431.8,0.0081291759465478,0.0,IM2401,5894.8,0.0157493882896233,0.0
2024-01-02,IC2401,5394.2,-0.0069221989027579,0.0,IM2401,5833.6,-0.0103820316210897,0.0
2024-01-03,IC2401,5388.6,-0.0010381520892809,0.0,IM2401,5809.4,-0.0041483817882612,0.0
2024-01-04,IC2401,5347.8,-0.0075715399176038,0.0,IM2401,5765.2,-0.0076083588666643,0.0
2024-01-05,IC2401,5282.2,-0.012266726504357,0.0,IM2401,5664.8,-0.0174148338305695,0.0
2024-01-08,IC2401,5130.6,-0.0287001628109498,0.0,IM2401,5480.2,-0.032587205197006,0.0
2024-01-09,IC2401,5155.0,0.0047557790511829,0.0,IM2401,5513.4,0.0060581730593773,0.0
2024-01-10,IC2401,5138.8,-0.0031425800193985,0.0,IM2401,5484.6,-0.0052236369572313,0.0
2024-01-11,IC2401,5209.6,0.0137775356114269,0.0,IM2401,5595.2,0.0201655544615833,0.0
2024-01-12,IC2401,5188.6,-0.0040310196560197,0.0,IM2401,5551.0,-0.0078996282527881,0.0
2024-01-15,IC2402,5151.8,-0.0020043942489305,0.0,IM2402,5490.2,-0.0037470725995316,0.0
2024-01-16,IC2402,5150.2,-0.0003105710625412,1.0,IM2402,5464.6,-0.0046628538122471,1.0
2024-01-17,IC2402,4978.0,-0.033435594734185,0.0,IM2402,5258.6,-0.0376971782015151,0.0
2024-01-18,IC2402,4983.4,0.0010847730012051,0.0,IM2402,5272.8,0.002700338493135,0.0
2024-01-19,IC2402,4950.8,-0.0065417185054379,0.0,IM2402,5217.4,-0.0105067516310121,0.0
2024-01-22,IC2402,4645.6,-0.0616466025692816,0.0,IM2402,4830.4,-0.074174876375206,0.0
2024-01-23,IC2402,4800.4,0.0333218529361114,0.0,IM2402,4998.0,0.0346969195097714,0.0
2024-01-24,IC2402,4890.2,0.0187067744354636,0.0,IM2402,5090.8,0.0185674269707882,0.0
2024-01-25,IC2402,5060.0,0.0347225062369638,0.0,IM2402,5306.6,0.0423901940755873,0.0
2024-01-26,IC2402,4992.6,-0.0133201581027667,0.0,IM2402,5216.8,-0.0169223231447631,0.0
2024-01-29,IC2402,4893.2,-0.0199094660096944,0.0,IM2402,5063.0,-0.0294816745897869,0.0
2024-01-30,IC2402,4767.8,-0.0256274012915882,0.0,IM2402,4907.2,-0.0307722694054908,0.0
2024-01-31,IC2402,4657.4,-0.0231553336968833,0.0,IM2402,4727.2,-0.0366807955656993,0.0
2024-02-01,IC2402,4648.8,-0.0018465238115685,0.0,IM2402,4699.2,-0.0059231680487391,0.0
2024-02-02,IC2402,4512.8,-0.0292548614696265,0.0,IM2402,4507.2,-0.0408580183861082,0.0
2024-02-05,IC2402,4380.0,-0.0294274064882112,0.0,IM2402,4176.6,-0.0733493077742277,0.0
2024-02-06,IC2402,4822.6,0.1010502283105023,0.0,IM2402,4609.0,0.1035291864195755,0.0
2024-02-07,IC2402,5140.2,0.0658565918798987,0.0,IM2402,4825.0,0.0468648296810587,0.0
2024-02-08,IC2402,5154.4,0.0027625384226295,0.0,IM2402,5002.4,0.0367668393782383,0.0
2024-02-19,IC2403,5083.4,-0.0094676392984632,0.0,IM2403,4954.6,-0.0033983687829841,0.0
2024-02-20,IC2403,5097.4,0.0027540622418067,1.0,IM2403,4989.0,0.0069430428288861,1.0
2024-02-21,IC2403,5107.2,0.0019225487503433,0.0,IM2403,5001.4,0.002485468029665,0.0
2024-02-22,IC2403,5159.2,0.0101817042606515,0.0,IM2403,5122.4,0.0241932258967489,0.0
2024-02-23,IC2403,5186.0,0.0051946038145449,0.0,IM2403,5217.0,0.0184679056692176,0.0
2024-02-26,IC2403,5168.2,-0.0034323177786348,0.0,IM2403,5215.0,-0.0003833620854897,0.0
2024-02-27,IC2403,5307.8,0.0270113385704888,0.0,IM2403,5386.0,0.032790028763183,0.0
2024-02-28,IC2403,5175.2,-0.0249821018124271,0.0,IM2403,5117.6,-0.0498329001113998,0.0
2024-02-29,IC2403,5346.4,0.0330808471170196,0.0,IM2403,5333.8,0.0422463654838205,0.0
2024-03-01,IC2403,5382.6,0.006770911267395,0.0,IM2403,5392.0,0.0109115452397914,0.0
2024-03-04,IC2403,5377.0,-0.0010403894028908,0.0,IM2403,5383.4,-0.0015949554896143,0.0
2024-03-05,IC2403,5334.8,-0.0078482425144131,0.0,IM2403,5311.4,-0.0133744473752647,0.0
2024-03-06,IC2403,5342.8,0.0014995876134062,0.0,IM2403,5345.0,0.0063260157397297,0.0
2024-03-07,IC2403,5272.4,-0.0131766115145617,0.0,IM2403,5277.0,-0.0127221702525724,0.0
2024-03-08,IC2403,5346.2,0.0139974205295501,0.0,IM2403,5348.0,0.013454614364222,0.0
2024-03-11,IC2404,5438.4,0.0205753619393214,0.0,IM2404,5413.6,0.0215033657442034,0.0
2024-03-12,IC2404,5405.8,-0.0059944101206236,1.0,IM2404,5446.2,0.0060218708438006,1.0
2024-03-13,IC2404,5396.4,-0.0017388730622666,0.0,IM2404,5473.0,0.0049208622525798,0.0
2024-03-14,IC2404,5382.2,-0.0026313838855532,0.0,IM2404,5437.2,-0.0065412022656679,0.0
2024-03-15,IC2404,5452.6,0.0130801530972466,0.0,IM2404,5532.2,0.0174722283528285,0.0
2024-03-18,IC2404,5533.0,0.0147452591424273,0.0,IM2404,5639.6,0.0194136148367738,0.0
2024-03-19,IC2404,5472.2,-0.0109886137719139,0.0,IM2404,5581.6,-0.0102844173345627,0.0
2024-03-20,IC2404,5486.0,0.0025218376521325,0.0,IM2404,5629.0,0.0084921886197506,0.0
2024-03-21,IC2404,5457.8,-0.0051403572730586,0.0,IM2404,5627.0,-0.0003553028957186,0.0
2024-03-22,IC2404,5367.0,-0.0166367400784198,0.0,IM2404,5558.8,-0.0121201350630886,0.0
2024-03-25,IC2404,5293.8,-0.0136389044158747,0.0,IM2404,5435.4,-0.0221990357631144,0.0
2024-03-26,IC2404,5267.4,-0.0049869658846198,0.0,IM2404,5401.0,-0.0063288810391138,0.0
2024-03-27,IC2404,5150.6,-0.0221741276531114,0.0,IM2404,5216.8,-0.0341047954082577,0.0
2024-03-28,IC2404,5216.8,0.0128528715101152,0.0,IM2404,5349.6,0.0254562183714155,0.0
2024-03-29,IC2404,5288.4,0.0137248888207328,0.0,IM2404,5412.0,0.0116644235082996,0.0
2024-04-01,IC2404,5404.0,0.0218591634520839,0.0,IM2404,5541.6,0.0239467849223946,0.0
2024-04-02,IC2404,5381.8,-0.0041080680977053,0.0,IM2404,5506.6,-0.0063158654540205,0.0
2024-04-03,IC2404,5372.0,-0.0018209520978111,0.0,IM2404,5475.0,-0.0057385682635383,0.0
2024-04-08,IC2404,5286.2,-0.0159717051377513,0.0,IM2404,5348.4,-0.0231232876712329,0.0
2024-04-09,IC2404,5334.2,0.0090802466800348,0.0,IM2404,5431.6,0.0155560541470347,0.0
2024-04-10,IC2404,5269.0,-0.0122230137602639,0.0,IM2404,5330.0,-0.0187053538552176,0.0
2024-04-11,IC2404,5303.0,0.0064528373505408,0.0,IM2404,5353.8,0.0044652908067541,0.0
2024-04-12,IC2404,5263.2,-0.0075051857439185,0.0,IM2404,5309.0,-0.0083678882289215,0.0
2024-04-15,IC2405,5320.6,0.0155418756649947,0.0,IM2405,5197.0,-0.0087022038048596,0.0
2024-04-16,IC2405,5171.4,-0.0280419501559975,1.0,IM2405,4986.4,-0.0405233788724265,1.0
2024-04-17,IC2405,5324.8,0.0296631473102062,0.0,IM2405,5232.0,0.0492539708005776,0.0
2024-04-18,IC2405,5336.8,0.0022536057692308,0.0,IM2405,5234.0,0.0003822629969418,0.0
2024-04-19,IC2405,5288.0,-0.0091440563633637,0.0,IM2405,5191.8,-0.0080626671761558,0.0
2024-04-22,IC2405,5246.2,-0.0079046898638427,0.0,IM2405,5189.2,-0.0005007897068455,0.0
2024-04-23,IC2405,5185.6,-0.0115512180244747,0.0,IM2405,5151.8,-0.0072072766515068,0.0
2024-04-24,IC2405,5251.0,0.0126118481950014,0.0,IM2405,5275.4,0.0239916145813112,0.0
2024-04-25,IC2405,5246.8,-0.0007998476480669,0.0,IM2405,5279.2,0.0007203245251545,0.0
2024-04-26,IC2405,5373.4,0.0241289929099639,0.0,IM2405,5408.6,0.0245112895893317,0.0
2024-04-29,IC2405,5484.8,0.0207317527077828,0.0,IM2405,5557.0,0.0274377842694966,0.0
2024-04-30,IC2405,5442.0,-0.0078033838973162,0.0,IM2405,5493.0,-0.0115170055785496,0.0
2024-05-06,IC2405,5523.4,0.0149577361264241,0.0,IM2405,5590.2,0.0176952484980883,0.0
2024-05-07,IC2405,5522.0,-0.0002534670673859,0.0,IM2405,5606.8,0.0029694823083252,0.0
2024-05-08,IC2405,5450.6,-0.0129300977906554,0.0,IM2405,5519.8,-0.0155168723692659,0.0
2024-05-09,IC2405,5548.6,0.0179796719627196,0.0,IM2405,5617.0,0.0176093336715097,0.0
2024-05-10,IC2405,5530.8,-0.0032080164365786,0.0,IM2405,5563.6,-0.0095068541926294,0.0
2024-05-13,IC2406,5463.6,-0.0061112316482244,0.0,IM2406,5443.8,-0.0092745704220289,0.0
2024-05-14,IC2406,5454.0,-0.0017570832418186,1.0,IM2406,5470.0,0.0048128145780521,1.0
2024-05-15,IC2406,5405.8,-0.0088375504217087,0.0,IM2406,5424.0,-0.0084095063985374,0.0
2024-05-16,IC2406,5378.4,-0.0050686299900107,0.0,IM2406,5415.0,-0.0016592920353982,0.0
2024-05-17,IC2406,5460.4,0.0152461698646437,0.0,IM2406,5530.2,0.0212742382271466,0.0
2024-05-20,IC2406,5474.0,0.0024906600249066,0.0,IM2406,5539.2,0.0016274275794727,0.0
2024-05-21,IC2406,5440.6,-0.0061015710632078,0.0,IM2406,5476.8,-0.0112651646447139,0.0
2024-05-22,IC2406,5424.0,-0.0030511340660956,0.0,IM2406,5479.6,0.0005112474437627,0.0
2024-05-23,IC2406,5326.0,-0.0180678466076695,0.0,IM2406,5359.0,-0.0220089057595445,0.0
2024-05-24,IC2406,5270.4,-0.0104393541119038,0.0,IM2406,5291.2,-0.0126516141071095,0.0
2024-05-27,IC2406,5322.4,0.0098664238008501,0.0,IM2406,5335.8,0.0084290898094949,0.0
2024-05-28,IC2406,5280.0,-0.0079663309785058,0.0,IM2406,5279.0,-0.0106450766520485,0.0
2024-05-29,IC2406,5290.0,0.0018939393939394,0.0,IM2406,5284.0,0.0009471490812653,0.0
2024-05-30,IC2406,5287.0,-0.0005671077504726,0.0,IM2406,5291.4,0.0014004542013625,0.0
2024-05-31,IC2406,5282.2,-0.0009078872706639,0.0,IM2406,5314.0,0.0042710813773292,0.0
2024-06-03,IC2406,5239.8,-0.0080269584642761,0.0,IM2406,5222.4,-0.017237485886338,0.0
2024-06-04,IC2406,5307.2,0.0128630863773426,0.0,IM2406,5268.6,0.0088465073529413,0.0
2024-06-05,IC2406,5247.6,-0.0112300271329514,0.0,IM2406,5209.6,-0.0111984208328588,0.0
2024-06-06,IC2406,5208.2,-0.0075081942221206,0.0,IM2406,5101.8,-0.0206925675675676,0.0
2024-06-07,IC2406,5178.0,-0.0057985484428401,0.0,IM2406,5115.0,0.0025873221216041,0.0
2024-06-11,IC2406,5198.6,0.0039783700270374,0.0,IM2406,5174.0,0.0115347018572824,0.0
2024-06-12,IC2406,5210.0,0.0021928980879466,0.0,IM2406,5180.6,0.0012756088132972,0.0
2024-06-13,IC2406,5184.0,-0.0049904030710172,0.0,IM2406,5148.4,-0.0062154962745629,0.0
2024-06-14,IC2406,5211.6,0.005324074074074,0.0,IM2406,5178.8,0.005904747105897,0.0
2024-06-17,IC2407,5168.2,-0.0025711873512933,0.0,IM2407,5126.4,-0.0009654746273267,0.0
2024-06-18,IC2407,5198.4,0.0058434271119538,1.0,IM2407,5180.6,0.0105727215980027,1.0
2024-06-19,IC2407,5139.0,-0.0114265927977839,0.0,IM2407,5106.0,-0.0143998764621858,0.0
2024-06-20,IC2407,5058.8,-0.0156061490562365,0.0,IM2407,5002.8,-0.0202115158636897,0.0
2024-06-21,IC2407,5060.6,0.0003558156084446,0.0,IM2407,4994.6,-0.001639082114016,0.0
2024-06-24,IC2407,4965.0,-0.0188910405880726,0.0,IM2407,4834.0,-0.0321547271052737,0.0
2024-06-25,IC2407,4923.4,-0.0083786505538772,0.0,IM2407,4808.4,-0.0052958212660323,0.0
2024-06-26,IC2407,4990.2,0.0135678596092132,0.0,IM2407,4954.4,0.030363530488312,0.0
2024-06-27,IC2407,4908.0,-0.0164722856799326,0.0,IM2407,4835.0,-0.0240997900855803,0.0
2024-06-28,IC2407,4909.0,0.0002037489812551,0.0,IM2407,4851.4,0.0033919338159253,0.0
2024-07-01,IC2407,4968.2,0.0120594825830107,0.0,IM2407,4893.2,0.00861606958816,0.0
2024-07-02,IC2407,4924.6,-0.008775814178173,0.0,IM2407,4863.8,-0.0060083381018555,0.0
2024-07-03,IC2407,4879.8,-0.0090971855582179,0.0,IM2407,4832.2,-0.0064969776717793,0.0
2024-07-04,IC2407,4803.8,-0.0155744087872453,0.0,IM2407,4729.0,-0.0213567319233475,0.0
2024-07-05,IC2407,4842.0,0.0079520379699404,0.0,IM2407,4778.2,0.0104038908860224,0.0
2024-07-08,IC2407,4762.4,-0.0164394878149525,0.0,IM2407,4663.0,-0.0241094973002385,0.0
2024-07-09,IC2407,4854.8,0.019401982193852,0.0,IM2407,4766.6,0.0222174565730217,0.0
2024-07-10,IC2407,4831.4,-0.0048199719864877,0.0,IM2407,4758.0,-0.0018042210380565,0.0
2024-07-11,IC2407,4925.4,0.0194560582853831,0.0,IM2407,4881.4,0.0259352669188734,0.0
2024-07-12,IC2407,4908.0,-0.0035327080034107,0.0,IM2407,4864.2,-0.0035235793010202,0.0
2024-07-15,IC2408,4840.2,-0.0092502037489812,0.0,IM2408,4765.8,-0.0113893343201347,0.0
2024-07-16,IC2408,4853.4,0.0027271600347091,1.0,IM2408,4769.4,0.0007553820974441,1.0
2024-07-17,IC2408,4823.0,-0.0062636502245847,0.0,IM2408,4729.8,-0.0083029311863126,0.0
2024-07-18,IC2408,4853.4,0.0063031308314327,0.0,IM2408,4756.8,0.0057084866167702,0.0
2024-07-19,IC2408,4846.2,-0.0014834961058226,0.0,IM2408,4757.0,4.204507231753141e-05,0.0
2024-07-22,IC2408,4834.4,-0.0024348974454212,0.0,IM2408,4766.2,0.001933992011772,0.0
2024-07-23,IC2408,4691.0,-0.0296624193281481,0.0,IM2408,4625.0,-0.0296252779992446,0.0
2024-07-24,IC2408,4631.4,-0.012705180132168,0.0,IM2408,4570.2,-0.0118486486486486,0.0
2024-07-25,IC2408,4627.2,-0.0009068532193289,0.0,IM2408,4579.2,0.0019692792437968,0.0
2024-07-26,IC2408,4709.4,0.0177645228215768,0.0,IM2408,4664.6,0.0186495457721873,0.0
2024-07-29,IC2408,4679.4,-0.0063702382469104,0.0,IM2408,4638.6,-0.0055738970115336,0.0
2024-07-30,IC2408,4673.0,-0.0013676967132537,0.0,IM2408,4656.0,0.0037511318070106,0.0
2024-07-31,IC2408,4890.2,0.0464797774448961,0.0,IM2408,4895.0,0.0513316151202749,0.0
2024-08-01,IC2408,4841.0,-0.0100609382029364,0.0,IM2408,4859.4,-0.0072727272727273,0.0
2024-08-02,IC2408,4777.8,-0.0130551538938235,0.0,IM2408,4792.8,-0.0137053957278675,0.0
2024-08-05,IC2408,4689.8,-0.0184185189836326,0.0,IM2408,4670.6,-0.0254965782006342,0.0
2024-08-06,IC2408,4738.2,0.0103202695210882,0.0,IM2408,4729.8,0.0126750310452619,0.0
2024-08-07,IC2408,4735.6,-0.0005487315858341,0.0,IM2408,4719.0,-0.0022833946467081,0.0
2024-08-08,IC2408,4752.4,0.0035475969254159,0.0,IM2408,4735.0,0.0033905488450942,0.0
2024-08-09,IC2408,4707.8,-0.009384731924922,0.0,IM2408,4687.0,-0.0101372756071805,0.0
2024-08-12,IC2409,4694.0,0.0020816517269213,0.0,IM2409,4624.2,-0.0018348623853211,0.0
2024-08-13,IC2409,4705.0,0.0023434171282488,1.0,IM2409,4639.0,0.0032005536092729,1.0
2024-08-14,IC2409,4626.6,-0.0166631243358128,0.0,IM2409,4590.6,-0.0104332830351367,0.0
2024-08-15,IC2409,4661.2,0.0074784939264254,0.0,IM2409,4637.4,0.0101947457848645,0.0
2024-08-16,IC2409,4642.8,-0.0039474813352784,0.0,IM2409,4606.2,-0.0067279078794151,0.0
2024-08-19,IC2409,4662.0,0.0041354355130525,0.0,IM2409,4622.8,0.0036038383048935,0.0
2024-08-20,IC2409,4572.0,-0.0193050193050192,0.0,IM2409,4537.0,-0.0185601799775028,0.0
2024-08-21,IC2409,4570.6,-0.0003062117235345,0.0,IM2409,4522.0,-0.0033061494379545,0.0
2024-08-22,IC2409,4514.6,-0.0122522207150046,0.0,IM2409,4473.2,-0.0107916850950906,0.0
2024-08-23,IC2409,4518.6,0.0008860142648297,0.0,IM2409,4475.0,0.0004023964946795,0.0
2024-08-26,IC2409,4527.0,0.0018589828708006,0.0,IM2409,4489.2,0.0031731843575417,0.0
2024-08-27,IC2409,4480.2,-0.010337972166998,0.0,IM2409,4442.2,-0.0104695714158424,0.0
2024-08-28,IC2409,4483.0,0.0006249720994597,0.0,IM2409,4450.2,0.001800909459277,0.0
2024-08-29,IC2409,4547.2,0.0143207673432967,0.0,IM2409,4527.4,0.0173475349422498,0.0
2024-08-30,IC2409,4628.4,0.0178571428571427,0.0,IM2409,4621.0,0.0206741175950877,0.0
2024-09-02,IC2409,4532.4,-0.0207415089447757,0.0,IM2409,4515.6,-0.0228089158190867,0.0
2024-09-03,IC2409,4576.0,0.0096196275703821,0.0,IM2409,4547.4,0.0070422535211265,0.0
2024-09-04,IC2409,4569.2,-0.001486013986014,0.0,IM2409,4536.2,-0.0024629458591722,0.0
2024-09-05,IC2409,4592.4,0.0050774752691937,0.0,IM2409,4577.2,0.0090384021868523,0.0
2024-09-06,IC2409,4524.2,-0.0148506227680514,0.0,IM2409,4497.2,-0.0174779341081884,0.0
2024-09-09,IC2409,4494.6,-0.0065425931656424,0.0,IM2409,4457.4,-0.0088499510806724,0.0
2024-09-10,IC2409,4493.0,-0.0003559827348373,0.0,IM2409,4473.6,0.0036344057073631,0.0
2024-09-11,IC2409,4509.2,0.0036056087246827,0.0,IM2409,4474.8,0.0002682403433476,0.0
2024-09-12,IC2409,4496.4,-0.002838641000621,0.0,IM2409,4468.4,-0.0014302315187272,0.0
2024-09-13,IC2409,4444.8,-0.0114758473445422,0.0,IM2409,4416.8,-0.011547757586608,0.0
2024-09-18,IC2410,4438.2,0.0034197264218862,0.0,IM2410,4365.6,-0.0026716174606049,0.0
2024-09-19,IC2410,4508.6,0.0158622865125501,1.0,IM2410,4454.0,0.0202492211838005,1.0
2024-09-20,IC2410,4474.8,-0.0074967839240562,0.0,IM2410,4422.6,-0.0070498428378984,0.0
2024-09-23,IC2410,4478.4,0.0008045052292837,0.0,IM2410,4437.0,0.0032560032560031,0.0
2024-09-24,IC2410,4705.6,0.0507324044301538,0.0,IM2410,4653.2,0.0487266170836149,0.0
2024-09-25,IC2410,4730.8,0.0053553213192791,0.0,IM2410,4680.0,0.0057594773489211,0.0
2024-09-26,IC2410,4995.2,0.0558890673881795,0.0,IM2410,4937.4,0.0549999999999999,0.0
2024-09-27,IC2410,5430.2,0.087083600256246,0.0,IM2410,5362.2,0.086037185563252,0.0
2024-09-30,IC2410,5902.8,0.0870317852012818,0.0,IM2410,5813.4,0.0841445675282532,0.0
2024-10-08,IC2410,6098.2,0.0331029342007183,0.0,IM2410,6219.8,0.069907455189734,0.0
2024-10-09,IC2410,5790.8,-0.0504083172083564,0.0,IM2410,5749.8,-0.0755651307115984,0.0
2024-10-10,IC2410,5712.6,-0.0135041790426192,0.0,IM2410,5664.0,-0.0149222581655014,0.0
2024-10-11,IC2410,5485.0,-0.0398417533172286,0.0,IM2410,5423.0,-0.0425494350282485,0.0
2024-10-14,IC2411,5596.6,0.0219507748404739,0.0,IM2411,5597.8,0.0350359579568504,0.0
2024-10-15,IC2411,5442.6,-0.0275167065718472,1.0,IM2411,5452.0,-0.0260459466218871,1.0
2024-10-16,IC2411,5457.8,0.0027927828611324,0.0,IM2411,5501.4,0.0090608950843726,0.0
2024-10-17,IC2411,5401.2,-0.0103704789475613,0.0,IM2411,5469.2,-0.0058530555858508,0.0
2024-10-18,IC2411,5613.4,0.0392875657261349,0.0,IM2411,5732.8,0.0481971769180136,0.0
2024-10-21,IC2411,5686.6,0.013040225175473,0.0,IM2411,5840.0,0.0186994138989673,0.0
2024-10-22,IC2411,5750.0,0.0111490169873034,0.0,IM2411,5873.8,0.0057876712328768,0.0
2024-10-23,IC2411,5767.6,0.0030608695652174,0.0,IM2411,5891.2,0.0029623071946609,0.0
2024-10-24,IC2411,5721.6,-0.0079755877661419,0.0,IM2411,5859.0,-0.0054657794676805,0.0
2024-10-25,IC2411,5806.0,0.0147511185682325,0.0,IM2411,5996.0,0.0233828298344427,0.0
2024-10-28,IC2411,5871.2,0.0112297623148467,0.0,IM2411,6069.2,0.0122081387591728,0.0
2024-10-29,IC2411,5816.0,-0.009401825861834,0.0,IM2411,5977.8,-0.0150596454227903,0.0
2024-10-30,IC2411,5829.8,0.002372764786795,0.0,IM2411,6006.0,0.0047174545819532,0.0
2024-10-31,IC2411,5883.6,0.0092284469450067,0.0,IM2411,6095.4,0.0148851148851147,0.0
2024-11-01,IC2411,5838.0,-0.0077503569243321,0.0,IM2411,5917.8,-0.029136726055714,0.0
2024-11-04,IC2411,5929.4,0.0156560465912982,0.0,IM2411,6065.4,0.0249417013079182,0.0
2024-11-05,IC2411,6108.0,0.0301210915101022,0.0,IM2411,6283.4,0.0359415702179575,0.0
2024-11-06,IC2411,6117.6,0.0015717092337919,0.0,IM2411,6293.8,0.0016551548524685,0.0
2024-11-07,IC2411,6229.6,0.0183078331371779,0.0,IM2411,6408.0,0.0181448409545901,0.0
2024-11-08,IC2411,6201.0,-0.0045909849749583,0.0,IM2411,6408.6,9.36329588014928e-05,0.0
2024-11-11,IC2412,6240.0,0.012868892114175,0.0,IM2412,6490.4,0.0182567175358112,0.0
2024-11-12,IC2412,6184.0,-0.0089743589743589,1.0,IM2412,6407.8,-0.0127264883520274,1.0
2024-11-13,IC2412,6186.4,0.0003880983182404,0.0,IM2412,6397.4,-0.0016230219420082,0.0
2024-11-14,IC2412,6057.4,-0.0208521919048234,0.0,IM2412,6239.6,-0.0246662706724605,0.0
2024-11-15,IC2412,5913.2,-0.0238055931587809,0.0,IM2412,6103.0,-0.0218924290018591,0.0
2024-11-18,IC2412,5822.0,-0.0154231211526753,0.0,IM2412,5954.2,-0.0243814517450434,0.0
2024-11-19,IC2412,5890.2,0.0117141875644108,0.0,IM2412,6093.0,0.0233112760740317,0.0
2024-11-20,IC2412,5943.8,0.009099860785712,0.0,IM2412,6190.8,0.0160512063023141,0.0
2024-11-21,IC2412,5933.4,-0.0017497223998116,0.0,IM2412,6187.2,-0.0005815080441946,0.0
2024-11-22,IC2412,5709.0,-0.0378197997775305,0.0,IM2412,5951.2,-0.0381432635117662,0.0
2024-11-25,IC2412,5688.8,-0.0035382729024346,0.0,IM2412,5992.8,0.0069901868530717,0.0
2024-11-26,IC2412,5652.8,-0.006328223878498,0.0,IM2412,5914.0,-0.013149112268055,0.0
2024-11-27,IC2412,5767.6,0.0203085196716672,0.0,IM2412,6086.8,0.0292188028407169,0.0
2024-11-28,IC2412,5723.6,-0.0076288230806574,0.0,IM2412,6036.8,-0.0082144969442071,0.0
2024-11-29,IC2412,5822.4,0.0172618631630441,0.0,IM2412,6156.0,0.019745560561887,0.0
2024-12-02,IC2412,5912.0,0.0153888430887607,0.0,IM2412,6266.8,0.0179987004548407,0.0
2024-12-03,IC2412,5903.2,-0.00148849797023,0.0,IM2412,6265.4,-0.0002233995021383,0.0
2024-12-04,IC2412,5860.0,-0.0073180647784252,0.0,IM2412,6171.8,-0.0149391898362434,0.0
2024-12-05,IC2412,5878.0,0.0030716723549488,0.0,IM2412,6255.6,0.0135778865160893,0.0
2024-12-06,IC2412,5963.4,0.0145287512759442,0.0,IM2412,6333.6,0.0124688279301745,0.0
2024-12-09,IC2412,5922.6,-0.0068417345809436,0.0,IM2412,6264.0,-0.010989010989011,0.0
2024-12-10,IC2412,5991.4,0.0116165197717217,0.0,IM2412,6358.2,0.0150383141762451,0.0
2024-12-11,IC2412,6036.4,0.0075107654304502,0.0,IM2412,6430.2,0.0113239596112106,0.0
2024-12-12,IC2412,6093.0,0.0093764495394605,0.0,IM2412,6477.8,0.0074025691269323,0.0
2024-12-13,IC2412,5998.2,-0.0155588380108321,0.0,IM2412,6359.0,-0.0183395597270679,0.0
2024-12-16,IC2501,5879.0,-0.0150378446867392,0.0,IM2501,6227.0,-0.015033810347539,0.0
2024-12-17,IC2501,5825.2,-0.0091512161932302,1.0,IM2501,6105.4,-0.0195278625341256,1.0
2024-12-18,IC2501,5861.2,0.0061800453203324,0.0,IM2501,6151.0,0.0074687981131458,0.0
2024-12-19,IC2501,5884.0,0.0038899883982801,0.0,IM2501,6180.6,0.0048122256543652,0.0
2024-12-20,IC2501,5895.6,0.0019714479945616,0.0,IM2501,6226.2,0.007377924473352,0.0
2024-12-23,IC2501,5803.0,-0.0157066286722301,0.0,IM2501,6063.0,-0.0262118145899585,0.0
2024-12-24,IC2501,5879.2,0.0131311390660002,0.0,IM2501,6130.2,0.011083621969322,0.0
2024-12-25,IC2501,5828.4,-0.0086406313784188,0.0,IM2501,6080.0,-0.0081889661022478,0.0
2024-12-26,IC2501,5870.0,0.0071374648273969,0.0,IM2501,6131.0,0.0083881578947369,0.0
2024-12-27,IC2501,5887.8,0.0030323679727428,0.0,IM2501,6143.6,0.0020551296688957,0.0
2024-12-30,IC2501,5889.2,0.0002377798158903,0.0,IM2501,6133.6,-0.0016277101373787,0.0
2024-12-31,IC2501,5693.0,-0.0333152210826597,0.0,IM2501,5926.4,-0.033781139950437,0.0
2025-01-02,IC2501,5534.6,-0.0278236430704372,0.0,IM2501,5778.0,-0.0250404967602591,0.0
2025-01-03,IC2501,5428.8,-0.0191161059516496,0.0,IM2501,5625.0,-0.0264797507788161,0.0
2025-01-06,IC2501,5418.0,-0.0019893899204244,0.0,IM2501,5597.2,-0.0049422222222222,0.0
2025-01-07,IC2501,5468.8,0.0093761535622001,0.0,IM2501,5672.8,0.0135067533766883,0.0
2025-01-08,IC2501,5448.2,-0.0037668227033353,0.0,IM2501,5639.6,-0.0058524890706529,0.0
2025-01-09,IC2501,5437.2,-0.0020190154546455,0.0,IM2501,5640.2,0.0001063905241505,0.0
2025-01-10,IC2501,5365.6,-0.0131685426322371,0.0,IM2501,5530.4,-0.019467394773235,0.0
2025-01-13,IC2502,5359.4,0.0037274489339496,0.0,IM2502,5516.0,0.004918269926226,0.0
2025-01-14,IC2502,5549.8,0.0355263648915924,1.0,IM2502,5784.0,0.0485859318346628,1.0
2025-01-15,IC2502,5500.8,-0.0088291469962881,0.0,IM2502,5737.0,-0.0081258644536652,0.0
2025-01-16,IC2502,5515.4,0.0026541593949969,0.0,IM2502,5753.0,0.0027889140665853,0.0
2025-01-17,IC2502,5568.0,0.0095369329513725,0.0,IM2502,5811.8,0.0102207543890144,0.0
2025-01-20,IC2502,5597.2,0.0052442528735632,0.0,IM2502,5848.6,0.0063319453525585,0.0
2025-01-21,IC2502,5616.6,0.0034660187236477,0.0,IM2502,5881.6,0.0056423759532195,0.0
2025-01-22,IC2502,5595.0,-0.0038457429761777,0.0,IM2502,5843.0,-0.0065628400435255,0.0
2025-01-23,IC2502,5561.4,-0.0060053619302949,0.0,IM2502,5809.0,-0.0058189286325517,0.0
2025-01-24,IC2502,5653.4,0.0165425971877584,0.0,IM2502,5945.0,0.0234119469788258,0.0
2025-01-27,IC2502,5560.4,-0.0164502777089893,0.0,IM2502,5825.8,-0.0200504625735912,0.0
2025-02-05,IC2502,5590.8,0.0054672325731963,0.0,IM2502,5866.0,0.006900339867486,0.0
2025-02-06,IC2502,5729.2,0.024754954568219,0.0,IM2502,6024.0,0.0269348789635186,0.0
2025-02-07,IC2502,5826.2,0.0169308105843748,0.0,IM2502,6127.8,0.0172310756972111,0.0
2025-02-10,IC2502,5868.2,0.0072088153513438,0.0,IM2502,6181.8,0.008812298051503,0.0
2025-02-11,IC2502,5849.4,-0.0032037081217409,0.0,IM2502,6179.8,-0.0003235303633245,0.0
2025-02-12,IC2502,5938.0,0.0151468526686497,0.0,IM2502,6268.0,0.0142723065471375,0.0
2025-02-13,IC2502,5901.2,-0.0061973728528124,0.0,IM2502,6215.6,-0.0083599234205488,0.0
2025-02-14,IC2502,5949.6,0.0082017216837253,0.0,IM2502,6240.2,0.0039577836411608,0.0
2025-02-17,IC2503,5909.4,-0.0022522522522523,0.0,IM2503,6219.2,0.0036216787923464,0.0
2025-02-18,IC2503,5822.6,-0.0146884624496563,1.0,IM2503,6110.2,-0.0175263699511191,1.0
2025-02-19,IC2503,5913.4,0.0155944079964276,0.0,IM2503,6240.0,0.0212431671631043,0.0
2025-02-20,IC2503,5918.0,0.0007778942740217,0.0,IM2503,6254.4,0.0023076923076923,0.0
2025-02-21,IC2503,6028.8,0.0187225413991214,0.0,IM2503,6399.0,0.0231197237145051,0.0
2025-02-24,IC2503,5994.4,-0.0057059447983015,0.0,IM2503,6366.6,-0.0050632911392404,0.0
2025-02-25,IC2503,5950.4,-0.0073401841718937,0.0,IM2503,6355.4,-0.0017591807244056,0.0
2025-02-26,IC2503,5997.0,0.0078314062920139,0.0,IM2503,6420.8,0.0102904616546559,0.0
2025-02-27,IC2503,5982.4,-0.0024345506086377,0.0,IM2503,6415.0,-0.0009033142287565,0.0
2025-02-28,IC2503,5838.4,-0.0240706071142016,0.0,IM2503,6230.4,-0.0287763055339049,0.0
2025-03-03,IC2503,5847.2,0.0015072622636338,0.0,IM2503,6215.4,-0.0024075500770416,0.0
2025-03-04,IC2503,5896.4,0.0084142837597482,0.0,IM2503,6279.2,0.0102648260771631,0.0
2025-03-05,IC2503,5905.8,0.0015941930669562,0.0,IM2503,6313.0,0.0053828513186393,0.0
2025-03-06,IC2503,6020.0,0.019336923024823,0.0,IM2503,6475.8,0.0257880563915728,0.0
2025-03-07,IC2503,5992.4,-0.0045847176079735,0.0,IM2503,6452.8,-0.0035516847339325,0.0
2025-03-10,IC2503,5961.2,-0.0052065950203591,0.0,IM2503,6427.4,-0.0039362757252666,0.0
2025-03-11,IC2503,6011.0,0.0083540226799974,0.0,IM2503,6490.0,0.0097395525406851,0.0
2025-03-12,IC2503,6019.0,0.0013308933621694,0.0,IM2503,6513.8,0.0036671802773498,0.0
2025-03-13,IC2503,5967.8,-0.0085063964113639,0.0,IM2503,6426.0,-0.0134790751942031,0.0
2025-03-14,IC2503,6096.2,0.021515466336003,0.0,IM2503,6562.8,0.0212885154061623,0.0
2025-03-17,IC2504,6036.6,-0.0021652832912305,0.0,IM2504,6471.6,-0.002956055342232,0.0
2025-03-18,IC2504,6065.4,0.0047708975250968,1.0,IM2504,6505.2,0.0051919154459483,1.0
2025-03-19,IC2504,6050.2,-0.0025060177399676,0.0,IM2504,6479.4,-0.0039660579228925,0.0
2025-03-20,IC2504,6005.6,-0.0073716571353011,0.0,IM2504,6452.4,-0.0041670525048616,0.0
2025-03-21,IC2504,5913.6,-0.0153190355668043,0.0,IM2504,6318.2,-0.0207984625875642,0.0
2025-03-24,IC2504,5903.8,-0.001657196969697,0.0,IM2504,6280.0,-0.0060460257668323,0.0
2025-03-25,IC2504,5895.2,-0.001456688912226,0.0,IM2504,6250.8,-0.0046496815286624,0.0
2025-03-26,IC2504,5895.8,0.0001017777174652,0.0,IM2504,6261.8,0.001759774748832,0.0
2025-03-27,IC2504,5922.2,0.0044777638318802,0.0,IM2504,6281.4,0.0031300903893447,0.0
2025-03-28,IC2504,5869.6,-0.0088818344534125,0.0,IM2504,6212.6,-0.0109529722673288,0.0
2025-03-31,IC2504,5819.6,-0.0085184680387079,0.0,IM2504,6184.0,-0.004603547629012,0.0
2025-04-01,IC2504,5850.6,0.0053268265860195,0.0,IM2504,6204.0,0.0032341526520052,0.0
2025-04-02,IC2504,5868.6,0.0030766075274331,0.0,IM2504,6239.0,0.0056415215989684,0.0
2025-04-03,IC2504,5822.4,-0.0078724056844904,0.0,IM2504,6168.4,-0.0113159160121815,0.0
2025-04-07,IC2504,5236.2,-0.1006801319043693,0.0,IM2504,5554.0,-0.0996044355100187,0.0
2025-04-08,IC2504,5271.0,0.0066460410221154,0.0,IM2504,5462.4,-0.0164926179330212,0.0
2025-04-09,IC2504,5387.2,0.0220451527224434,0.0,IM2504,5594.2,0.0241285881663737,0.0
2025-04-10,IC2504,5509.0,0.0226091476091476,0.0,IM2504,5744.8,0.0269207393371706,0.0
2025-04-11,IC2504,5555.8,0.0084951896895988,0.0,IM2504,5835.0,0.015701155827879,0.0
2025-04-14,IC2505,5515.8,0.0052197703301055,0.0,IM2505,5794.0,0.0076778063410454,0.0
2025-04-15,IC2505,5502.6,-0.0023931252039595,1.0,IM2505,5793.0,-0.0001725923369002,1.0
2025-04-16,IC2505,5454.8,-0.0086868026024061,0.0,IM2505,5713.8,-0.0136716727084411,0.0
2025-04-17,IC2505,5483.6,0.0052797536114981,0.0,IM2505,5749.8,0.0063005355455214,0.0
2025-04-18,IC2505,5481.2,-0.0004376686848056,0.0,IM2505,5738.2,-0.0020174614769209,0.0
2025-04-21,IC2505,5578.8,0.017806319783989,0.0,IM2505,5867.4,0.022515771496288,0.0
2025-04-22,IC2505,5568.0,-0.00193590019359,0.0,IM2505,5870.0,0.0004431264273785,0.0
2025-04-23,IC2505,5580.4,0.0022270114942528,0.0,IM2505,5915.8,0.0078023850085178,0.0
2025-04-24,IC2505,5564.4,-0.002867177980073,0.0,IM2505,5866.0,-0.0084181344873052,0.0
2025-04-25,IC2505,5582.2,0.0031989073395155,0.0,IM2505,5885.0,0.0032390044323218,0.0
2025-04-28,IC2505,5556.0,-0.0046934900218551,0.0,IM2505,5828.2,-0.0096516567544605,0.0
2025-04-29,IC2505,5573.8,0.0032037437005039,0.0,IM2505,5868.0,0.006828866545417,0.0
2025-04-30,IC2505,5590.2,0.0029423373640962,0.0,IM2505,5905.4,0.0063735514655758,0.0
2025-05-06,IC2505,5705.6,0.0206432685771529,0.0,IM2505,6059.6,0.0261116943814136,0.0
2025-05-07,IC2505,5718.2,0.0022083567021873,0.0,IM2505,6065.2,0.0009241534094659,0.0
2025-05-08,IC2505,5752.0,0.0059109509985659,0.0,IM2505,6127.6,0.0102882015432304,0.0
2025-05-09,IC2505,5702.4,-0.0086230876216968,0.0,IM2505,6056.2,-0.0116521966185783,0.0
2025-05-12,IC2506,5688.0,0.0146604938271606,0.0,IM2506,6037.0,0.0157524520326277,0.0
2025-05-13,IC2506,5654.6,-0.005872011251758,1.0,IM2506,5996.6,-0.0066920655954944,1.0
2025-05-14,IC2506,5697.8,0.0076397976868389,0.0,IM2506,6043.0,0.0077377180402227,0.0
2025-05-15,IC2506,5623.0,-0.0131278739162483,0.0,IM2506,5949.0,-0.0155551878206189,0.0
2025-05-16,IC2506,5601.8,-0.003770229414903,0.0,IM2506,5933.8,-0.0025550512691208,0.0
2025-05-19,IC2506,5623.0,0.0037844978399799,0.0,IM2506,5975.4,0.0070106845529003,0.0
2025-05-20,IC2506,5650.8,0.0049439800818069,0.0,IM2506,6019.4,0.0073635237808347,0.0
2025-05-21,IC2506,5655.6,0.0008494372478233,0.0,IM2506,6000.6,-0.0031232348739075,0.0
2025-05-22,IC2506,5614.8,-0.0072140886908551,0.0,IM2506,5950.0,-0.008432490084325,0.0
2025-05-23,IC2506,5561.8,-0.0094393388900761,0.0,IM2506,5872.0,-0.013109243697479,0.0
2025-05-26,IC2506,5594.6,0.0058973713545975,0.0,IM2506,5925.0,0.0090258855585831,0.0
2025-05-27,IC2506,5578.0,-0.0029671468916455,0.0,IM2506,5915.0,-0.0016877637130802,0.0
2025-05-28,IC2506,5568.0,-0.0017927572606668,0.0,IM2506,5899.0,-0.0027049873203719,0.0
2025-05-29,IC2506,5668.6,0.0180675287356322,0.0,IM2506,6031.0,0.0223766740125443,0.0
2025-05-30,IC2506,5627.8,-0.0071975443672158,0.0,IM2506,5966.0,-0.0107776488144586,0.0
2025-06-03,IC2506,5638.4,0.0018835068765767,0.0,IM2506,5998.0,0.0053637277908145,0.0
2025-06-04,IC2506,5688.8,0.0089387060158911,0.0,IM2506,6054.0,0.0093364454818272,0.0
2025-06-05,IC2506,5723.6,0.0061172830825482,0.0,IM2506,6101.6,0.0078625702015198,0.0
2025-06-06,IC2506,5725.4,0.0003144873855613,0.0,IM2506,6100.2,-0.0002294480136358,0.0
2025-06-09,IC2506,5766.4,0.0071610717155132,0.0,IM2506,6167.8,0.0110816038818399,0.0
2025-06-10,IC2506,5718.2,-0.008358768035516,0.0,IM2506,6113.8,-0.0087551477025843,0.0
2025-06-11,IC2506,5761.2,0.0075198489035011,0.0,IM2506,6144.0,0.0049396447381333,0.0
2025-06-12,IC2506,5780.0,0.0032632090536695,0.0,IM2506,6156.8,0.0020833333333334,0.0
2025-06-13,IC2506,5729.0,-0.0088235294117646,0.0,IM2506,6084.2,-0.0117918399168399,0.0
2025-06-16,IC2507,5688.2,0.004747774480712,0.0,IM2507,6037.2,0.0071003583051181,0.0
2025-06-17,IC2507,5680.8,-0.001300938785556,1.0,IM2507,6038.6,0.0002318955807327,1.0
2025-06-18,IC2507,5671.0,-0.0017251091395578,0.0,IM2507,6035.8,-0.0004636836352797,0.0
2025-06-19,IC2507,5617.4,-0.0094515958384765,0.0,IM2507,5971.2,-0.0107028065873621,0.0
2025-06-20,IC2507,5588.4,-0.0051625307081567,0.0,IM2507,5934.8,-0.0060959271168273,0.0
2025-06-23,IC2507,5625.8,0.0066924343282515,0.0,IM2507,6001.4,0.0112219451371569,0.0
2025-06-24,IC2507,5726.4,0.0178819012407123,0.0,IM2507,6134.2,0.0221281700936448,0.0
2025-06-25,IC2507,5834.2,0.018825090807488,0.0,IM2507,6239.0,0.0170845424016172,0.0
2025-06-26,IC2507,5809.2,-0.0042850776456069,0.0,IM2507,6211.8,-0.0043596730245231,0.0
2025-06-27,IC2507,5827.0,0.0030641052124216,0.0,IM2507,6230.2,0.0029621043819825,0.0
2025-06-30,IC2507,5863.0,0.0061781362622275,0.0,IM2507,6283.0,0.008474848319476,0.0
2025-07-01,IC2507,5868.0,0.0008528057308545,0.0,IM2507,6286.8,0.0006048066210408,0.0
2025-07-02,IC2507,5856.6,-0.0019427402862984,0.0,IM2507,6262.2,-0.0039129604886429,0.0
2025-07-03,IC2507,5874.0,0.0029710070689477,0.0,IM2507,6279.4,0.0027466385615277,0.0
2025-07-04,IC2507,5874.2,3.404834865516904e-05,0.0,IM2507,6262.0,-0.0027709653788577,0.0
2025-07-07,IC2507,5859.2,-0.0025535392053386,0.0,IM2507,6267.2,0.0008304056212071,0.0
2025-07-08,IC2507,5958.0,0.0168623702894592,0.0,IM2507,6379.8,0.0179665560377841,0.0
2025-07-09,IC2507,5930.0,-0.0046995636119503,0.0,IM2507,6358.8,-0.0032916392363396,0.0
2025-07-10,IC2507,5958.8,0.0048566610455311,0.0,IM2507,6375.2,0.002579102975404,0.0
2025-07-11,IC2507,6023.0,0.0107739813385245,0.0,IM2507,6452.8,0.0121721671476973,0.0
2025-07-14,IC2508,5951.4,-0.0024240411754939,0.0,IM2508,6373.4,-0.0016426977436152,0.0
2025-07-15,IC2508,5949.0,-0.0004032664583122,1.0,IM2508,6352.8,-0.0032321837637681,1.0
2025-07-16,IC2508,5949.6,0.0001008572869389,0.0,IM2508,6372.8,0.0031482181085504,0.0
2025-07-17,IC2508,6030.6,0.013614360629286,0.0,IM2508,6466.0,0.014624654782827,0.0
2025-07-18,IC2508,6054.0,0.0038802109242861,0.0,IM2508,6490.0,0.0037117228580265,0.0
2025-07-21,IC2508,6106.6,0.0086884704327718,0.0,IM2508,6535.6,0.0070261941448381,0.0
2025-07-22,IC2508,6183.2,0.0125438050633739,0.0,IM2508,6590.0,0.0083236428177979,0.0
2025-07-23,IC2508,6165.4,-0.0028787682753267,0.0,IM2508,6568.4,-0.003277693474962,0.0
2025-07-24,IC2508,6269.6,0.0169007688065658,0.0,IM2508,6675.8,0.0163510139455576,0.0
2025-07-25,IC2508,6261.2,-0.0013397983922419,0.0,IM2508,6668.2,-0.0011384403367387,0.0
2025-07-28,IC2508,6274.0,0.0020443365489044,0.0,IM2508,6674.6,0.0009597792507725,0.0
2025-07-29,IC2508,6317.8,0.0069811922218681,0.0,IM2508,6731.0,0.0084499445659664,0.0
2025-07-30,IC2508,6271.2,-0.0073759853113426,0.0,IM2508,6675.6,-0.0082305749517158,0.0
2025-07-31,IC2508,6187.4,-0.0133626738104349,0.0,IM2508,6612.2,-0.0094972736533046,0.0
2025-08-01,IC2508,6165.6,-0.0035232892652808,0.0,IM2508,6616.8,0.0006956837361242,0.0
2025-08-04,IC2508,6230.6,0.0105423640845985,0.0,IM2508,6711.8,0.0143573933018981,0.0
2025-08-05,IC2508,6265.4,0.005585336885693,0.0,IM2508,6754.4,0.0063470306028188,0.0
2025-08-06,IC2508,6326.8,0.0097998531618093,0.0,IM2508,6834.4,0.011844131232974,0.0
2025-08-07,IC2508,6299.4,-0.0043307833343871,0.0,IM2508,6828.0,-0.00093643918998,0.0
2025-08-08,IC2508,6299.4,0.0,0.0,IM2508,6810.2,-0.0026069127123609,0.0
2025-08-11,IC2509,6298.8,0.0109216750801663,0.0,IM2509,6851.2,0.0169451704795748,0.0
2025-08-12,IC2509,6342.6,0.0069537054677082,1.0,IM2509,6883.6,0.0047290985520784,1.0
2025-08-13,IC2509,6451.8,0.0172169141992242,0.0,IM2509,7001.8,0.0171712476029983,0.0
2025-08-14,IC2509,6380.2,-0.0110976781673332,0.0,IM2509,6929.2,-0.0103687623182611,0.0
2025-08-15,IC2509,6531.0,0.0236356227077521,0.0,IM2509,7086.2,0.0226577382670438,0.0
2025-08-18,IC2509,6608.0,0.0117899249732047,0.0,IM2509,7184.4,0.0138579210296068,0.0
2025-08-19,IC2509,6600.0,-0.0012106537530266,0.0,IM2509,7177.4,-0.0009743332776571,0.0
2025-08-20,IC2509,6695.2,0.0144242424242424,0.0,IM2509,7276.0,0.0137375651350071,0.0
2025-08-21,IC2509,6656.4,-0.0057951965587286,0.0,IM2509,7202.2,-0.0101429356789445,0.0
2025-08-22,IC2509,6810.4,0.0231356288684574,0.0,IM2509,7348.6,0.0203271222681959,0.0
2025-08-25,IC2509,6909.6,0.0145659579466699,0.0,IM2509,7412.2,0.0086547097406308,0.0
2025-08-26,IC2509,6916.4,0.0009841380108832,0.0,IM2509,7415.4,0.0004317206767221,0.0
2025-08-27,IC2509,6837.8,-0.0113642935631252,0.0,IM2509,7287.2,-0.0172883458748011,0.0
2025-08-28,IC2509,6967.0,0.0188949662172044,0.0,IM2509,7363.2,0.0104292458008563,0.0
2025-08-29,IC2509,6996.8,0.0042773073058706,0.0,IM2509,7366.6,0.0004617557583659,0.0
2025-09-01,IC2509,7014.8,0.0025726046192544,0.0,IM2509,7380.6,0.0019004696875084,0.0
2025-09-02,IC2509,6896.2,-0.016907110680276,0.0,IM2509,7251.4,-0.0175053518684118,0.0
2025-09-03,IC2509,6788.8,-0.0155737942635073,0.0,IM2509,7142.6,-0.0150039992277352,0.0
2025-09-04,IC2509,6647.0,-0.020887343860476,0.0,IM2509,7003.0,-0.01954470360933,0.0
2025-09-05,IC2509,6898.6,0.0378516624040921,0.0,IM2509,7226.0,0.0318434956447237,0.0
2025-09-08,IC2509,6920.8,0.0032180442408604,0.0,IM2509,7236.0,0.001383891502906,0.0
2025-09-09,IC2509,6872.8,-0.0069356143798404,0.0,IM2509,7165.8,-0.0097014925373134,0.0
2025-09-10,IC2509,6863.4,-0.001367710394599,0.0,IM2509,7151.0,-0.0020653660442658,0.0
2025-09-11,IC2509,7124.6,0.0380569397091821,0.0,IM2509,7387.8,0.0331142497552789,0.0
2025-09-12,IC2509,7140.0,0.0021615248575357,0.0,IM2509,7392.8,0.0006767914670131,0.0
2025-09-15,IC2510,7050.2,-0.0036134453781513,0.0,IM2510,7301.0,-0.0032734552537604,0.0
2025-09-16,IC2510,7107.4,0.0081132450143257,1.0,IM2510,7392.0,0.0124640460210929,1.0
2025-09-17,IC2510,7197.0,0.0126065790584461,0.0,IM2510,7480.2,0.0119318181818182,0.0
2025-09-18,IC2510,7114.4,-0.0114770043073503,0.0,IM2510,7370.2,-0.0147054891580439,0.0
2025-09-19,IC2510,7105.0,-0.001321263915439,0.0,IM2510,7343.8,-0.0035819923475617,0.0
2025-09-22,IC2510,7143.4,0.0054046446164672,0.0,IM2510,7395.6,0.007053568996977,0.0
2025-09-23,IC2510,7083.2,-0.0084273595206764,0.0,IM2510,7305.6,-0.0121693980204445,0.0
2025-09-24,IC2510,7280.6,0.0278687598825391,0.0,IM2510,7472.0,0.0227770477441962,0.0
2025-09-25,IC2510,7293.2,0.0017306265967089,0.0,IM2510,7444.6,-0.0036670235546037,0.0
2025-09-26,IC2510,7202.6,-0.0124225305764272,0.0,IM2510,7357.0,-0.0117669183031996,0.0
2025-09-29,IC2510,7342.8,0.0194651931247049,0.0,IM2510,7484.2,0.0172896561098272,0.0
2025-09-30,IC2510,7398.4,0.007572043362205,0.0,IM2510,7556.6,0.0096737126212556,0.0
2025-10-09,IC2510,7520.4,0.0164900519031141,0.0,IM2510,7607.4,0.0067226001111611,0.0
2025-10-10,IC2510,7382.0,-0.0184032764214668,0.0,IM2510,7514.2,-0.0122512290664352,0.0
2025-10-13,IC2511,7278.0,-0.0043348685992955,0.0,IM2511,7395.0,-0.004977243086423,0.0
2025-10-14,IC2511,7066.0,-0.0291288815608683,1.0,IM2511,7230.0,-0.0223123732251521,1.0
2025-10-15,IC2511,7196.2,0.0184262666289272,0.0,IM2511,7362.6,0.0183402489626556,0.0
2025-10-16,IC2511,7126.4,-0.0096995636585975,0.0,IM2511,7293.2,-0.0094260179827778,0.0
2025-10-17,IC2511,6922.4,-0.0286259541984732,0.0,IM2511,7100.0,-0.0264904294411232,0.0
2025-10-20,IC2511,6972.0,0.0071651450364036,0.0,IM2511,7137.6,0.0052957746478874,0.0
2025-10-21,IC2511,7108.8,0.0196213425129088,0.0,IM2511,7261.0,0.0172887245012327,0.0
2025-10-22,IC2511,7065.0,-0.0061613774476705,0.0,IM2511,7237.2,-0.0032777854290042,0.0
2025-10-23,IC2511,7091.4,0.0037367303609341,0.0,IM2511,7248.8,0.0016028298236887,0.0
2025-10-24,IC2511,7211.8,0.016978311757904,0.0,IM2511,7369.2,0.0166096457344664,0.0
2025-10-27,IC2511,7310.4,0.0136720374941068,0.0,IM2511,7399.4,0.0040981381968192,0.0
2025-10-28,IC2511,7287.4,-0.0031462026701685,0.0,IM2511,7410.0,0.0014325485850203,0.0
2025-10-29,IC2511,7440.6,0.0210225869308671,0.0,IM2511,7519.6,0.0147908232118758,0.0
2025-10-30,IC2511,7351.2,-0.0120151600677365,0.0,IM2511,7438.4,-0.0107984467258898,0.0
2025-10-31,IC2511,7291.2,-0.0081619327456742,0.0,IM2511,7439.6,0.0001613250161325,0.0
2025-11-03,IC2511,7292.8,0.000219442615756,0.0,IM2511,7471.4,0.0042744233560942,0.0
2025-11-04,IC2511,7158.2,-0.0184565598946907,0.0,IM2511,7365.2,-0.014214203495998,0.0
2025-11-05,IC2511,7170.2,0.0016763990947445,0.0,IM2511,7391.8,0.0036115787758648,0.0
2025-11-06,IC2511,7304.6,0.0187442470223984,0.0,IM2511,7487.8,0.0129873643767417,0.0
2025-11-07,IC2511,7292.0,-0.0017249404484845,0.0,IM2511,7493.4,0.0007478832233767,0.0
2025-11-10,IC2511,7302.8,0.0014810751508502,0.0,IM2511,7508.8,0.0020551418581686,0.0
2025-11-11,IC2511,7242.2,-0.0082981869967684,0.0,IM2511,7476.6,-0.0042883017259748,0.0
2025-11-12,IC2511,7224.0,-0.0025130485211676,0.0,IM2511,7458.2,-0.0024610116898056,0.0
2025-11-13,IC2511,7335.4,0.0154208194905869,0.0,IM2511,7566.0,0.0144538896784747,0.0
2025-11-14,IC2511,7208.0,-0.017367832701693,0.0,IM2511,7468.4,-0.0128998149616706,0.0
2025-11-17,IC2512,7143.4,0.0010821309655937,0.0,IM2512,7394.4,0.0036152321782443,0.0
2025-11-18,IC2512,7079.8,-0.0089033233474254,1.0,IM2512,7351.8,-0.00576111652061,1.0
2025-11-19,IC2512,7054.8,-0.0035311731969829,0.0,IM2512,7298.2,-0.0072907315215321,0.0
2025-11-20,IC2512,7000.0,-0.0077677609570788,0.0,IM2512,7263.6,-0.0047408950152091,0.0
2025-11-21,IC2512,6770.0,-0.0328571428571428,0.0,IM2512,7018.2,-0.0337849000495622,0.0
2025-11-24,IC2512,6827.6,0.0085081240768094,0.0,IM2512,7095.2,0.0109714741671653,0.0
2025-11-25,IC2512,6900.0,0.0106040189817797,0.0,IM2512,7172.0,0.0108242191904386,0.0
2025-11-26,IC2512,6909.4,0.0013623188405795,0.0,IM2512,7176.2,0.0005856107083099,0.0
2025-11-27,IC2512,6896.2,-0.0019104408486988,0.0,IM2512,7179.0,0.00039017864608,0.0
2025-11-28,IC2512,6974.2,0.0113105768394188,0.0,IM2512,7260.8,0.0113943446162418,0.0
2025-12-01,IC2512,7031.6,0.0082303346620402,0.0,IM2512,7290.0,0.004021595416483,0.0
2025-12-02,IC2512,6982.2,-0.0070254280675806,0.0,IM2512,7239.6,-0.0069135802469135,0.0
2025-12-03,IC2512,6950.4,-0.0045544384291483,0.0,IM2512,7195.4,-0.006105309685618,0.0
2025-12-04,IC2512,6983.2,0.004719152854512,0.0,IM2512,7213.4,0.002501598243322,0.0
2025-12-05,IC2512,7083.2,0.0143200824836751,0.0,IM2512,7319.8,0.0147503257825714,0.0
2025-12-08,IC2512,7144.0,0.0085836909871244,0.0,IM2512,7380.4,0.0082789147244459,0.0
2025-12-09,IC2512,7094.4,-0.0069428891377379,0.0,IM2512,7347.8,-0.0044171047639693,0.0
2025-12-10,IC2512,7122.2,0.0039185836716284,0.0,IM2512,7371.4,0.0032118457225291,0.0
2025-12-11,IC2512,7074.4,-0.0067114093959731,0.0,IM2512,7304.6,-0.009062050628103,0.0
2025-12-12,IC2512,7174.0,0.0140789324889742,0.0,IM2512,7361.8,0.0078306820359772,0.0
2025-12-15,IC2601,7060.8,-0.008112628937831,0.0,IM2601,7235.2,-0.0073079953272298,0.0
2025-12-16,IC2601,6959.4,-0.0143609789259008,1.0,IM2601,7117.4,-0.016281512605042,1.0
2025-12-17,IC2601,7107.8,0.0213236773285054,0.0,IM2601,7228.0,0.0155393823587266,0.0
2025-12-18,IC2601,7069.8,-0.0053462393426939,0.0,IM2601,7213.0,-0.0020752628666297,0.0
2025-12-19,IC2601,7142.6,0.0102973209991796,0.0,IM2601,7285.6,0.0100651601275474,0.0
2025-12-22,IC2601,7212.6,0.0098003528127013,0.0,IM2601,7350.0,0.0088393543428131,0.0
2025-12-23,IC2601,7223.6,0.0015251088373124,0.0,IM2601,7343.0,-0.0009523809523809,0.0
2025-12-24,IC2601,7324.6,0.0139819480591394,0.0,IM2601,7464.2,0.0165055154568976,0.0
2025-12-25,IC2601,7398.0,0.0100210250389098,0.0,IM2601,7547.0,0.011092950349669,0.0
2025-12-26,IC2601,7456.4,0.0078940254122734,0.0,IM2601,7595.0,0.0063601431032198,0.0
2025-12-29,IC2601,7421.6,-0.0046671315916526,0.0,IM2601,7572.2,-0.0030019749835418,0.0
2025-12-30,IC2601,7457.2,0.0047968093133554,0.0,IM2601,7593.8,0.002852539552574,0.0
2025-12-31,IC2601,7455.6,-0.0002145577428525,0.0,IM2601,7581.4,-0.0016329110590218,0.0
2026-01-05,IC2601,7664.8,0.0280594452492086,0.0,IM2601,7759.2,0.0234521328514523,0.0
2026-01-06,IC2601,7836.0,0.0223358730821416,0.0,IM2601,7875.0,0.0149242189916487,0.0
2026-01-07,IC2601,7869.6,0.0042879019908117,0.0,IM2601,7882.0,0.0008888888888889,0.0
2026-01-08,IC2601,7889.4,0.0025160109789568,0.0,IM2601,7954.0,0.0091347373763004,0.0
2026-01-09,IC2601,8088.2,0.0251983674297158,0.0,IM2601,8160.2,0.0259240633643449,0.0
2026-01-12,IC2602,8258.2,0.0229470092233128,0.0,IM2602,8354.4,0.0287983137668195,0.0
2026-01-13,IC2602,8150.6,-0.0130294737351965,1.0,IM2602,8200.4,-0.01843340036388,1.0
2026-01-14,IC2602,8218.6,0.0083429440777365,0.0,IM2602,8215.0,0.0017804009560509,0.0
2026-01-15,IC2602,8220.0,0.0001703453142871,0.0,IM2602,8240.8,0.003140596469872,0.0
2026-01-16,IC2602,8227.0,0.0008515815085157,0.0,IM2602,8225.0,-0.0019172895835355,0.0
2026-01-19,IC2602,8281.8,0.0066609942871034,0.0,IM2602,8230.0,0.0006079027355623,0.0
2026-01-20,IC2602,8257.8,-0.0028979207418676,0.0,IM2602,8162.2,-0.0082381530984204,0.0
2026-01-21,IC2602,8373.2,0.0139746663760325,0.0,IM2602,8260.0,0.0119820636593075,0.0
2026-01-22,IC2602,8404.0,0.003678402522333,0.0,IM2602,8318.0,0.0070217917675545,0.0
2026-01-23,IC2602,8656.2,0.030009519276535,0.0,IM2602,8531.8,0.0257032940610721,0.0
2026-01-26,IC2602,8485.2,-0.0197546267415262,0.0,IM2602,8327.2,-0.0239808715628587,0.0
2026-01-27,IC2602,8554.2,0.0081318059680384,0.0,IM2602,8385.6,0.0070131616870015,0.0
2026-01-28,IC2602,8623.2,0.0080662130883075,0.0,IM2602,8407.4,0.002599694714749,0.0
2026-01-29,IC2602,8531.2,-0.0106688932182947,0.0,IM2602,8351.4,-0.006660798820087,0.0
2026-01-30,IC2602,8377.2,-0.0180513878469616,0.0,IM2602,8282.4,-0.0082620877936633,0.0
2026-02-02,IC2602,7951.0,-0.0508761877476962,0.0,IM2602,7910.0,-0.0449628127112913,0.0
2026-02-03,IC2602,8295.8,0.0433656143881271,0.0,IM2602,8213.0,0.0383059418457647,0.0
2026-02-04,IC2602,8321.0,0.00303768171846,0.0,IM2602,8230.0,0.0020698892000488,0.0
2026-02-05,IC2602,8145.0,-0.0211513039298161,0.0,IM2602,8077.8,-0.0184933171324422,0.0
2026-02-06,IC2602,8140.6,-0.0005402087170042,0.0,IM2602,8026.8,-0.0063136002376884,0.0
2026-02-09,IC2602,8322.0,0.0222833697761835,0.0,IM2602,8256.0,0.0285543429511136,0.0
2026-02-10,IC2602,8309.0,-0.0015621244893054,0.0,IM2602,8254.6,-0.0001695736434108,0.0
2026-02-11,IC2602,8342.4,0.0040197376338908,0.0,IM2602,8260.2,0.0006784096140335,0.0
2026-02-12,IC2602,8448.2,0.0126822017644803,0.0,IM2602,8345.4,0.0103145202295342,0.0
2026-02-13,IC2602,8283.0,-0.0195544613053668,0.0,IM2602,8200.0,-0.0174227718263952,0.0
2026-02-24,IC2603,8371.6,0.0141977544367983,0.0,IM2603,8271.0,0.0134878048780489,0.0
2026-02-25,IC2603,8529.0,0.018801662764585,1.0,IM2603,8405.6,0.016273727481562,1.0
2026-02-26,IC2603,8537.4,0.0009848751319028,0.0,IM2603,8443.4,0.0044970019986674,0.0
2026-02-27,IC2603,8645.4,0.0126502213788741,0.0,IM2603,8531.4,0.0104223417106852,0.0
2026-03-02,IC2603,8627.0,-0.002128299442478,0.0,IM2603,8423.8,-0.0126122324589165,0.0
2026-03-03,IC2603,8266.2,-0.0418221861597309,0.0,IM2603,8129.4,-0.0349485980198959,0.0
2026-03-04,IC2603,8219.4,-0.0056616099295929,0.0,IM2603,8064.2,-0.0080202720988018,0.0
2026-03-05,IC2603,8255.6,0.0044042144195441,0.0,IM2603,8130.0,0.0081595198531783,0.0
2026-03-06,IC2603,8322.6,0.0081157032801977,0.0,IM2603,8211.8,0.0100615006150059,0.0
2026-03-09,IC2603,8267.0,-0.0066806046187489,0.0,IM2603,8191.0,-0.0025329404028348,0.0
2026-03-10,IC2603,8393.6,0.0153138986331196,0.0,IM2603,8313.6,0.0149676474178976,0.0
2026-03-11,IC2603,8360.0,-0.0040030499428136,0.0,IM2603,8313.0,-7.217090069289167e-05,0.0
2026-03-12,IC2603,8301.0,-0.0070574162679425,0.0,IM2603,8277.2,-0.0043065078792252,0.0
2026-03-13,IC2603,8213.8,-0.0105047584628359,0.0,IM2603,8187.0,-0.010897404919538,0.0
2026-03-16,IC2604,8136.8,-0.0043098200589252,0.0,IM2604,8121.0,0.0,0.0
2026-03-17,IC2604,7950.0,-0.0229574279815161,1.0,IM2604,7951.0,-0.0209333825883512,1.0
2026-03-18,IC2604,8031.0,0.0101886792452829,0.0,IM2604,8021.2,0.0088290781033832,0.0
2026-03-19,IC2604,7822.2,-0.0259992528950318,0.0,IM2604,7863.4,-0.0196728669027078,0.0
2026-03-20,IC2604,7696.6,-0.0160568637979084,0.0,IM2604,7727.8,-0.017244448966096,0.0
2026-03-23,IC2604,7387.6,-0.0401475976405165,0.0,IM2604,7364.0,-0.0470767877015451,0.0
2026-03-24,IC2604,7554.8,0.02263251935676,0.0,IM2604,7552.6,0.0256110809342748,0.0
2026-03-25,IC2604,7685.6,0.0173134960554879,0.0,IM2604,7650.0,0.012896221168869,0.0
2026-03-26,IC2604,7571.2,-0.0148849797023005,0.0,IM2604,7558.2,-0.012,0.0
2026-03-27,IC2604,7703.0,0.0174080726965342,0.0,IM2604,7698.2,0.0185229287396471,0.0
2026-03-30,IC2604,7706.8,0.0004933142931324,0.0,IM2604,7695.8,-0.0003117611909276,0.0
2026-03-31,IC2604,7575.6,-0.0170239269216795,0.0,IM2604,7573.6,-0.0158787910288729,0.0
2026-04-01,IC2604,7710.0,0.0177411690163153,0.0,IM2604,7706.8,0.017587408894053,0.0
2026-04-02,IC2604,7567.2,-0.0185214007782101,0.0,IM2604,7574.6,-0.0171536824622411,0.0
2026-04-03,IC2604,7509.8,-0.0075853684321809,0.0,IM2604,7507.6,-0.0088453515697198,0.0
2026-04-07,IC2604,7536.2,0.0035154065354603,0.0,IM2604,7566.4,0.0078320635089774,0.0
2026-04-08,IC2604,7954.0,0.0554390807038029,0.0,IM2604,7947.4,0.0503541975047578,0.0
2026-04-09,IC2604,7891.0,-0.0079205431229569,0.0,IM2604,7901.0,-0.0058383873971361,0.0
2026-04-10,IC2604,7959.8,0.0087187935622861,0.0,IM2604,7975.0,0.0093659030502468,0.0
2026-04-13,IC2605,7901.4,-0.0010050503781502,0.0,IM2605,7916.0,0.0021567398119122,0.0
2026-04-14,IC2605,8032.0,0.0165287164299998,1.0,IM2605,8037.0,0.0152854977261243,1.0
2026-04-15,IC2605,7992.2,-0.0049551792828685,0.0,IM2605,8019.2,-0.0022147567500311,0.0
2026-04-16,IC2605,8151.0,0.0198693726383223,0.0,IM2605,8172.6,0.0191290901835594,0.0
2026-04-17,IC2605,8186.6,0.0043675622622991,0.0,IM2605,8251.0,0.0095930303697722,0.0
2026-04-20,IC2605,8236.6,0.0061075415923581,0.0,IM2605,8277.0,0.0031511331959761,0.0
2026-04-21,IC2605,8216.0,-0.0025010319792148,0.0,IM2605,8280.2,0.0003866135073093,0.0
2026-04-22,IC2605,8345.8,0.0157984420642647,0.0,IM2605,8438.8,0.019154126711915,0.0
2026-04-23,IC2605,8265.2,-0.0096575523017563,0.0,IM2605,8331.8,-0.0126795278949614,0.0
2026-04-24,IC2605,8217.4,-0.0057832841310556,0.0,IM2605,8268.0,-0.0076574089632491,0.0
2026-04-27,IC2605,8269.0,0.0062793584345413,0.0,IM2605,8301.8,0.0040880503144653,0.0
2026-04-28,IC2605,8177.6,-0.0110533317208851,0.0,IM2605,8203.0,-0.0119010335108048,0.0
2026-04-29,IC2605,8344.4,0.0203971825474464,0.0,IM2605,8332.4,0.0157747165671096,0.0
2026-04-30,IC2605,8342.6,-0.0002157135324288,0.0,IM2605,8369.4,0.0044404973357015,0.0
2026-05-06,IC2605,8570.4,0.0273056361326204,0.0,IM2605,8543.6,0.0208139173656416,0.0
2026-05-07,IC2605,8688.8,0.0138149911322691,0.0,IM2605,8706.0,0.0190083805421601,0.0
2026-05-08,IC2605,8687.2,-0.0001841451063436,0.0,IM2605,8721.4,0.0017688950149321,0.0
2026-05-11,IC2606,8738.6,0.0145271203609906,0.0,IM2606,8723.0,0.0113284564404798,0.0
2026-05-12,IC2606,8695.4,-0.0049435836404001,1.0,IM2606,8701.8,-0.0024303565287172,1.0
2026-05-13,IC2606,8850.2,0.017802516272972,0.0,IM2606,8870.6,0.0193982854122136,0.0
2026-05-14,IC2606,8608.0,-0.0273666131838828,0.0,IM2606,8689.8,-0.0203819358329764,0.0
2026-05-15,IC2606,8448.8,-0.0184944237918216,0.0,IM2606,8582.6,-0.0123363023314689,0.0
2026-05-18,IC2606,8479.2,0.0035981441151407,0.0,IM2606,8632.6,0.0058257404516113,0.0
2026-05-19,IC2606,8535.2,0.0066043966411926,0.0,IM2606,8718.6,0.0099622361745013,0.0
2026-05-20,IC2606,8573.8,0.004522448214453,0.0,IM2606,8705.0,-0.0015598834675292,0.0
2026-05-21,IC2606,8326.8,-0.0288086962607012,0.0,IM2606,8438.2,-0.0306490522688109,0.0
2026-05-22,IC2606,8469.2,0.0171014075034829,0.0,IM2606,8589.8,0.0179659169017087,0.0
2026-05-25,IC2606,8582.8,0.0134133094034853,0.0,IM2606,8661.4,0.0083354676476752,0.0
2026-05-26,IC2606,8565.0,-0.0020739152724051,0.0,IM2606,8596.0,-0.0075507423742119,0.0
2026-05-27,IC2606,8415.8,-0.0174197314652656,0.0,IM2606,8441.2,-0.0180083759888319,0.0
2026-05-28,IC2606,8458.0,0.0050143777181017,0.0,IM2606,8524.4,0.0098564185186937,0.0
2026-05-29,IC2606,8274.6,-0.0216836131473161,0.0,IM2606,8344.8,-0.0210689315377036,0.0
2026-06-01,IC2606,8225.2,-0.0059700771034248,0.0,IM2606,8305.8,-0.0046735691688236,0.0
2026-06-02,IC2606,8260.4,0.0042795311968095,0.0,IM2606,8324.6,0.0022634785330735,0.0
2026-06-03,IC2606,8314.2,0.006513001791681,0.0,IM2606,8368.4,0.0052615140667418,0.0
2026-06-04,IC2606,8300.2,-0.0016838661566958,0.0,IM2606,8354.8,-0.0016251613211606,0.0
2026-06-05,IC2606,8190.6,-0.0132045010963591,0.0,IM2606,8291.8,-0.0075405754775698,0.0
2026-06-08,IC2606,7935.0,-0.0312065050179474,0.0,IM2606,8072.8,-0.0264116355917893,0.0
2026-06-09,IC2606,8112.4,0.022356647763075,0.0,IM2606,8233.4,0.0198939649192348,0.0
2026-06-10,IC2606,8024.2,-0.0108722449583353,0.0,IM2606,8162.2,-0.0086477032574634,0.0
2026-06-11,IC2606,7990.8,-0.0041624087136411,0.0,IM2606,8126.4,-0.0043860723824459,0.0
2026-06-12,IC2606,8117.2,0.0158181909195573,0.0,IM2606,8196.8,0.0086631226619413,0.0
2026-06-15,IC2606,8384.8,0.0329670329670328,0.0,IM2606,8475.2,0.0339644739410502,0.0
2026-06-16,IC2606,8475.8,0.0108529720446521,0.0,IM2606,8602.4,0.0150084953747402,0.0
2026-06-17,IC2607,8545.4,0.0162108591519385,0.0,IM2607,8612.0,0.0107644378313029,0.0
2026-06-18,IC2607,8620.0,0.0087298429564444,1.0,IM2607,8679.0,0.0077798420808175,1.0
2026-06-22,IC2607,8770.0,0.0174013921113689,0.0,IM2607,8706.2,0.0031340016130891,0.0
2026-06-23,IC2607,8592.0,-0.0202964652223489,0.0,IM2607,8598.8,-0.0123360363878617,0.0
2026-06-24,IC2607,8727.6,0.0157821229050278,0.0,IM2607,8667.6,0.0080011164348514,0.0
2026-06-25,IC2607,8842.6,0.0131765892112378,0.0,IM2607,8725.8,0.0067146614979924,0.0
2026-06-26,IC2607,8615.6,-0.025671182683826,0.0,IM2607,8532.6,-0.0221412363336311,0.0
2026-06-29,IC2607,8715.2,0.0115604252750824,0.0,IM2607,8514.2,-0.0021564353186601,0.0
2026-06-30,IC2607,8947.4,0.026643106297044,0.0,IM2607,8705.2,0.0224331117427356,0.0
2026-07-01,IC2607,8887.0,-0.0067505644097726,0.0,IM2607,8727.6,0.0025731746542296,0.0
2026-07-02,IC2607,8639.0,-0.0279059300101272,0.0,IM2607,8570.0,-0.0180576561712269,0.0
2026-07-03,IC2607,8688.8,0.0057645560828798,0.0,IM2607,8567.2,-0.0003267211201866,0.0
2026-07-06,IC2607,8624.8,-0.0073658042537519,0.0,IM2607,8458.0,-0.01274628816883,0.0
2026-07-07,IC2607,8473.2,-0.0175772191818939,0.0,IM2607,8296.6,-0.0190825254197208,0.0
2026-07-08,IC2607,8381.2,-0.01085776330076,0.0,IM2607,8131.2,-0.0199358773473471,0.0
2026-07-09,IC2607,8621.6,0.0286832434496253,0.0,IM2607,8282.6,0.0186196379378198,0.0
2026-07-10,IC2607,8470.2,-0.0175605456063838,0.0,IM2607,8186.2,-0.0116388573636297,0.0
2026-07-13,IC2608,8076.0,-0.0391254043588109,0.0,IM2608,7750.0,-0.0448559771322469,0.0
2026-07-14,IC2608,8172.8,0.0119861317483902,1.0,IM2608,7854.4,0.0134709677419353,1.0
2026-07-15,IC2608,8096.6,-0.0093236100234925,0.0,IM2608,7780.4,-0.0094214707679771,0.0
2026-07-16,IC2608,7912.0,-0.0227996936985895,0.0,IM2608,7599.6,-0.0232378798005242,0.0
2026-07-17,IC2608,7444.2,-0.0591253791708796,0.0,IM2608,7118.8,-0.0632664877098795,0.0
2026-07-20,IC2608,7347.0,-0.0130571451599903,0.0,IM2608,6910.0,-0.0293307860875429,0.0
2026-07-21,IC2608,7741.0,0.0536273308833537,0.0,IM2608,7220.0,0.044862518089725,0.0
2026-07-22,IC2608,7668.6,-0.0093527967962795,0.0,IM2608,7091.2,-0.0178393351800554,0.0
2026-07-23,IC2608,7660.0,-0.0011214563284042,0.0,IM2608,7136.4,0.006374097472924,0.0
2026-07-24,IC2608,7466.6,-0.0252480417754569,0.0,IM2608,6944.4,-0.026904321506642,0.0
2026-07-27,IC2608,7691.0,0.0300538397664265,0.0,IM2608,7207.8,0.0379298427509937,0.0
2026-07-28,IC2608,7406.4,-0.037004290729424,0.0,IM2608,7001.4,-0.0286356447182219,0.0
2026-07-29,IC2608,7495.2,0.0119896305897602,0.0,IM2608,7090.2,0.0126831776501843,0.0
2026-07-30,IC2608,7294.2,-0.0268171629843099,0.0,IM2608,6885.2,-0.0289131477250289,0.0
2026-07-31,IC2608,7440.6,0.0200707411367937,0.0,IM2608,7043.4,0.0229768198454656,0.0
2026-08-03,IC2608,7394.8,-0.0061554175738516,0.0,IM2608,7067.8,0.0034642360223755,0.0
2026-08-04,IC2608,7573.8,0.0242061989506139,0.0,IM2608,7256.0,0.0266278049746737,0.0
2026-08-05,IC2608,7784.6,0.0278327919934511,0.0,IM2608,7479.2,0.030760749724366,0.0
2026-08-06,IC2608,7783.0,-0.0002055340030316,0.0,IM2608,7508.6,0.0039309017007167,0.0
2026-08-07,IC2608,7936.2,0.0196839265064885,0.0,IM2608,7655.6,0.0195775510747675,0.0
2026-08-10,IC2608,7955.2,0.0023940928908041,0.0,IM2608,7682.8,0.0035529546998276,0.0
2026-08-11,IC2608,7942.0,-0.0016592920353981,0.0,IM2608,7684.4,0.0002082574061539,0.0
2026-08-12,IC2608,7987.4,0.0057164442205992,0.0,IM2608,7754.4,0.0091093644266306,0.0
2026-08-13,IC2608,7944.2,-0.005408518416506,0.0,IM2608,7709.4,-0.0058031569173629,0.0
2026-08-14,IC2608,7939.8,-0.0005538631957906,0.0,IM2608,7730.8,0.0027758321010715,0.0
2026-08-17,IC2609,8082.0,0.0278596438197435,0.0,IM2609,7875.0,0.0290784912298855,0.0
2026-08-18,IC2609,8022.6,-0.0073496659242761,1.0,IM2609,7807.0,-0.0086349206349206,1.0
2026-08-19,IC2609,7712.0,-0.0387156283499114,0.0,IM2609,7468.8,-0.0433200973485333,0.0
2026-08-20,IC2609,7761.0,0.0063537344398341,0.0,IM2609,7516.2,0.0063464010282776,0.0
2026-08-21,IC2609,7762.0,0.0001288493750806,0.0,IM2609,7527.0,0.0014368963039834,0.0
2026-08-24,IC2609,7628.4,-0.0172120587477454,0.0,IM2609,7425.8,-0.0134449315796465,0.0
2026-08-25,IC2609,7637.0,0.001127366158041,0.0,IM2609,7466.4,0.0054674243852512,0.0
2026-08-26,IC2609,7708.8,0.0094015974859238,0.0,IM2609,7491.8,0.0034019072109718,0.0
2026-08-27,IC2609,7903.0,0.0251919883769198,0.0,IM2609,7686.6,0.0260017619263728,0.0
2026-08-28,IC2609,7853.8,-0.0062254839934201,0.0,IM2609,7666.6,-0.0026019306325293,0.0
2026-08-31,IC2609,7895.8,0.0053477297613893,0.0,IM2609,7713.6,0.0061304880912007,0.0
2026-09-01,IC2609,7801.6,-0.0119303933736922,0.0,IM2609,7645.0,-0.0088933831155362,0.0
2026-09-02,IC2609,7675.6,-0.0161505332239541,0.0,IM2609,7540.4,-0.0136821451929366,0.0
2026-09-03,IC2609,7706.2,0.003986659023398786,0.0,IM2609,7559.4,0.002519760224921841,0.0
